ClusterID; BCTs; BasicChanges; Complexity; ProjectCount; Instances; ContainsInstances
0 ; RESERVED:CONDITION:INSERTED:global:eq:1.0 , METHOD:METHOD_CALL:INSERTED:global:indexOf:1.0 , RESERVED:CONDITION:INSERTED:global:typeof:1.0 ; 3 ; 2 ; 1 ; 5 ; 14416, 14452, 13486=0, 15598, 20398=0
1 ; RESERVED:CONDITION:INSERTED:global:falsey:1.0 ; 1 ; 1 ; 71 ; 770 ; 55300, 114693, 137223, 36875, 118794, 131084, 59409, 71708, 112668, 133151=1, 59422, 43041=1, 106530, 49189, 16427, 98351, 120879, 98350, 112692, 43066, 114753, 104512, 116800, 131142, 102470, 61514, 63564, 122957, 92244, 122967, 120921, 59484, 125022, 118881, 14437, 110694, 28776, 14447, 41072, 61558, 53372, 86141, 8317, 61565, 69760, 61571, 139398, 41093, 14470, 114826, 20622, 14481, 131223, 133271, 112796, 96415, 100511, 112798, 65697, 120992, 112804, 55462, 24752, 131252, 102588, 116926, 127174, 37064, 129224, 131272, 55502, 71889, 100561, 131280, 73946, 127197, 4319, 65758, 125150, 14561, 67811, 127202, 37095, 119017, 127208, 112875, 65772, 22767, 53487, 96496, 100594, 114930, 139510, 16629, 65783, 96505, 71928, 139518, 65793, 10497, 49412, 96516, 49415, 131333, 55562, 88338, 67861, 12567, 55575, 127261, 59677, 63778, 37157, 125220, 135466, 74026, 4396, 80172, 28975, 80174, 84275, 26931, 129333, 133430, 12599, 24887, 63803, 76090, 86333, 123199, 71998, 123198, 86339, 112962, 80198, 125259, 123210, 59724, 76108, 119119, 55631, 76110, 67920, 14676, 69973, 76118, 133471, 57701, 108903, 29033, 20844, 59757, 35183, 76146, 133495, 20858, 20859, 123260, 20863, 119166, 72068, 74116, 84359, 121222, 131464, 45453, 131472, 65940, 31130, 45466, 35227, 61855, 129438, 16802, 104868, 37289, 127403, 78250, 90544, 133552, 55731, 72120, 94651, 125375, 129473, 86470, 88518, 115142, 90569, 92620, 74195, 63956, 131543, 72159, 55778, 80355, 55780, 74243, 64008, 43534, 88591, 23061, 125462, 43548, 70176, 127523, 10787, 55857, 41525, 14909, 80444, 12864, 129604, 12872, 109130, 90702, 76369, 82516, 16982, 78423, 53848, 127582, 96868, 80488, 109162, 111214, 131693, 2673, 103029, 113272, 84605, 31357, 51839, 84612, 129671, 17032, 31372, 129689, 60057, 78488, 133790, 60070, 127657, 101034, 121518, 125614, 113328, 113333, 80564, 123572, 55991, 115385, 60089, 703, 127683, 117447, 6857, 68306, 113362, 131793, 129751, 60120, 131802, 68315, 101083, 133862, 741, 47845, 74472, 76520, 49905, 90864, 15092, 109300, 6904, 78586, 123649, 129797, 68356, 15111, 15112, 54024, 123657, 51977, 76552, 111371, 66314, 56077, 123660, 129809, 74512, 62227, 74518, 86809, 121625, 127771, 60190, 127775, 86822, 131882, 25385, 43819, 119598, 121657, 70459, 35643, 56131, 103237, 119620, 127818, 68429, 21328, 54096, 64350, 119647, 131932, 138077, 109409, 125792, 103267, 103266, 41828, 131942, 119659, 127859, 9075, 103285, 127868, 66432, 88960, 2948, 27526, 68489, 115597, 13201, 88976, 123800, 101279, 113569, 129954, 58276, 132011, 5034, 95147, 136104, 62383, 60339, 134070, 64441, 119736, 70588, 132035, 123843, 105410, 43973, 132037, 60361, 119754, 80844, 125902, 101328, 119763, 97237, 60375, 68568, 64474, 84957, 136160, 121830, 19436, 5101, 101370, 134144, 91146, 130063, 115729, 125977, 58395, 123935, 123934, 117792, 1061, 93225, 105513, 97320, 103464, 136239, 89137, 128051, 1081, 58425, 119864, 121917, 119871, 62529, 117828, 128068, 23622, 93259, 72778, 93261, 105560, 89191, 87145, 15467, 126061, 35950, 89199, 25713, 48249, 60538, 132216, 46203, 83066, 50306, 15495, 103563, 130187, 103564, 95375, 136333, 1169, 117911, 70806, 23711, 74913, 115875, 7334, 103594, 81082, 62654, 15556, 136388, 103628, 130257, 15569, 103635, 50387, 68818, 29908, 136407, 95453, 122079, 130277, 64741, 105702, 132334, 1262, 91375, 120048, 5364, 50420, 132341, 56568, 31993, 9466, 130301, 101631, 132358, 60679, 58634, 60682, 62730, 23819, 136457, 81164, 62743, 21795, 58660, 25896, 13611, 75052, 79152, 128306, 21813, 1334, 75063, 93495, 75067, 5438, 81215, 101695, 101694, 64837, 126280, 126289, 60755, 32089, 42330, 7516, 58717, 103774, 13669, 48487, 124262, 132459, 48490, 118124, 126316, 130419, 64886, 50552, 50554, 68988, 101759, 60801, 138627, 114051, 132480, 101765, 124293, 32133, 87428, 36235, 60811, 66959, 132498, 60817, 9618, 71058, 66968, 5534, 97695, 17826, 107942, 126377, 128429, 5550, 32175, 103854, 130481, 44465, 124338, 5558, 54718, 7618, 56771, 26053, 13768, 24010, 114123, 130507, 116170, 128463, 128462, 13779, 130516, 13783, 122329, 67032, 75239, 50665, 87533, 9709, 15854, 34292, 34293, 34300, 83453, 110076, 42503, 15892, 15894, 93719, 24091, 108058, 71198, 93729, 128544, 38435, 56867, 99887, 9777, 77365, 15933, 58941, 67132, 77372, 87617, 36418, 36420, 58949, 65106, 26197, 58966, 36439, 24154, 95835, 106074, 122461, 112223, 67170, 110178, 79461, 120420, 13928, 130669, 87660, 34414, 5745, 44661, 104052, 91767, 126582, 126585, 126591, 93824, 95874, 38532, 38540, 9870, 67214, 34448, 95890, 108183, 5787, 65180, 56991, 83621, 34469, 40613, 110247, 63149, 52911, 132786, 75447, 118454, 79548, 120508, 73406, 52930, 65222, 97991, 124617, 16080, 36561, 83667, 98004, 14038, 36567, 98006, 11993, 30429, 73439, 104159, 98017, 130786, 28392, 130793, 138990, 98028, 124652, 138991, 22261, 79604, 130804, 104185, 83706, 59132, 136959, 124670, 65282, 87811, 26373, 132869, 128777, 7953, 102162, 26388, 128789, 112409, 30489, 102171, 75546, 71455, 128798, 10020, 75558, 83753, 87851, 98095, 116531, 124729, 67387, 87866, 112445, 96060, 59198, 65343, 120641, 38721, 73541, 130885, 71492, 87883, 51020, 67408, 79698, 73556, 91988, 67415, 124759, 96092, 55134, 26465, 122728, 126829, 135022, 120687, 36723, 61302, 112502, 51065, 112507, 106362, 120707, 120708, 10120, 130952, 6028, 130961, 61329, 128912, 130963, 75669, 73624, 87963, 112544, 122786, 118696, 128938, 98224, 104371, 110515, 18359, 34745, 94138, 26562, 30658, 122819, 73666, 100297, 126921, 131016, 67530, 128970, 73681, 126931, 30680, 122841, 55257, 128987, 116698, 128986, 30684, 110561, 129000, 137193, 73708, 106478, 131058, 129013, 18421, 129012, 63479, 83958, 6137, 106491, 28667, 38909
2 ; RESERVED:CONDITION:INSERTED:global:sheq:1.0 ; 1 ; 1 ; 44 ; 131 ; 127233, 66818, 71682, 128258, 92933, 13061, 9737=2, 124683, 130060, 7694=2, 134924, 5392, 27920, 53265, 130835, 60179, 122898, 137238, 71444, 91670, 137240, 120863, 124704, 12327, 16423, 25383, 54824, 116266, 14380, 103469, 78383, 111151, 125488, 36659, 25654, 111929, 15420, 61501, 122431, 60223, 67392, 16198, 17734, 88903, 128838, 122697, 53324, 123985, 128851, 138071, 105563, 43611, 10332, 120669, 68956, 121953, 82275, 18788, 61287, 103782, 111213, 55917, 79471, 29552, 118896, 56178, 16500, 73338, 129406, 16768, 120448, 14722, 84875, 43919, 121745, 50834, 68755, 20628, 107671, 7577, 16281, 98203, 6300, 126364, 8350, 52645, 101801, 106153, 60842, 122795, 90538, 14773, 106685, 103868, 58047, 20673, 94658, 78533, 88007, 36296, 122826, 5328, 78288, 43474, 139222, 53717, 67798, 16345, 125400, 125147, 130523, 78298, 5597, 103139, 7395, 10211, 128994, 62437, 14566, 12775, 109034, 5356, 33516, 105199, 115443, 63220, 84212, 9720, 130040, 27898, 119038
3 ; RESERVED:CONDITION:INSERTED:global:falsey:3.0 ; 1 ; 3 ; 19 ; 32 ; 136387, 83973, 118660, 118407, 67785=3, 136586, 55370, 74186, 36303, 103502, 5521=3, 9235, 125653, 79316, 91156, 57369, 67736, 95514, 137443, 73699, 96994, 4324, 69477, 108517, 99300, 10791, 80495, 90610, 69748, 69752, 88763, 17211
4 ; RESERVED:STATEMENT:INSERTED:global:var:1.0 , RESERVED:CONDITION:INSERTED:global:falsey:2.0 ; 2 ; 3 ; 17 ; 29 ; 59200, 122369, 63940=4, 68295, 91846, 98641=4, 115603, 1046, 103511, 11353, 70938, 127136, 72547, 104610, 77733, 123183, 97326, 42352, 62001, 97264, 119347, 62263, 23096, 100473, 123901, 22909, 112764, 43646, 130878
5 ; RESERVED:CONDITION:INSERTED:global:sheq:2.0 , RESERVED:CONDITION:INSERTED:global:typeof:2.0 ; 2 ; 2 ; 9 ; 9 ; 53152, 103522, 20228, 13591, 5560, 62905, 120380, 28927, 36543
6 ; RESERVED:STATEMENT:UPDATED:global:var:1.0 , METHOD:METHOD_CALL:INSERTED:global:replace:1.0 ; 2 ; 1 ; 18 ; 33 ; 79937, 80578, 114373, 137479, 26249, 23437, 71436, 47502, 49489, 8722, 19091, 135254, 5398, 127767, 24535, 36057, 119256, 52827, 1181, 31843, 96806, 103526, 43113, 42538, 101738, 126954, 16300, 80625, 52212, 68789, 81525, 78205, 65279
7 ; RESERVED:CONDITION:INSERTED:global:sheq:1.0 , RESERVED:CONDITION:INSERTED:global:typeof:1.0 ; 2 ; 1 ; 36 ; 80 ; 70273, 118144, 119938, 119941, 65029, 17670, 23814, 27401, 40589, 74511, 115092, 61336, 122393, 50331, 36510, 115359, 17823, 33055, 130337, 40481, 20770, 33187, 64804, 98599, 78249, 70312, 60843, 120874, 31404, 36524, 13613, 66735, 2611, 103609, 87224, 38843, 34748, 50878, 72638, 27968, 40258, 49346, 111682, 97093, 125252, 16199, 28487, 78412, 78801, 35665, 50769, 53076, 63065, 14426, 130779, 83295, 31328, 65250, 109026, 110055, 55143, 125414, 124137, 45674, 130283, 41195, 97002, 42222, 97774, 62576, 106483, 21239, 117366, 36472, 121339, 126075, 65661, 67069, 125692, 130814
8 ; RESERVED:STATEMENT:INSERTED:global:return:1.0 , RESERVED:CONDITION:INSERTED:global:falsey:1.0 ; 2 ; 2 ; 38 ; 111 ; 59656, 113417, 13834, 95242, 130058, 119827, 119828, 129815, 115734, 86810, 69663, 86815, 58912, 100131, 8227, 38695, 66342, 112427, 97324, 97070, 122670, 58928, 80437, 71992, 72762, 139580, 117058, 70729, 70216, 112712, 75083, 68431, 79950, 53840, 81497, 3676, 73309, 55646, 63326, 132450, 96355, 130403, 66661, 35943, 104038, 81001, 28522, 75885, 41584, 129137, 132721, 39542, 32376, 2937, 119416, 136312, 86143, 44672, 4737, 15748, 114569, 18316, 67983, 56720, 65424, 99984, 132497, 126109, 66716, 83105, 52130, 103587, 117411, 126370, 15785, 123309, 105136, 15538, 78515, 117938, 119733, 110265, 59833, 96957, 33984, 75968, 80067, 67527, 86729, 96458, 22734, 125395, 18388, 74709, 63959, 74714, 1504, 42464, 108256, 6117, 25833, 129516, 10478, 139501, 51953, 34548, 99573, 108789, 118525, 127740, 61439
9 ; RESERVED:ARGUMENT:REMOVED:global:true:1.0 ; 1 ; 1 ; 12 ; 15 ; 94081, 103713, 98375, 102310, 29736, 111401, 78344, 129201, 51922, 131504, 12660, 71380, 125524, 56091, 10557
10 ; RESERVED:CONDITION:INSERTED:global:falsey:1.0 , RESERVED:CONDITION:REMOVED:global:falsey:1.0 ; 2 ; 2 ; 29 ; 92 ; 60032, 86656, 124672, 68483, 88325, 35205, 13961, 14090, 99466, 112650, 87692, 127116, 121742, 98961, 59537, 127635, 21523, 21524, 34964, 73364, 56600, 16793, 74523, 26651, 131870, 110236, 122780, 66591, 49055, 45089, 139174, 55974, 129831, 7723, 130220, 52399, 106805, 129972, 108726, 49720, 49849, 130744, 135993, 63932, 12479, 125118, 121665, 125890, 128711, 72518, 63561, 77768, 134985, 36176, 89296, 17746, 136656, 84693, 122196, 103767, 90585, 13017, 111576, 129756, 13790, 87903, 112864, 136161, 80357, 77924, 109286, 60904, 14825, 41065, 129131, 137581, 119152, 128755, 131830, 123508, 79734, 126198, 38520, 68217, 123641, 63865, 89208, 34299, 129786, 130938, 98300, 58367
11 ; RESERVED:ASSIGNMENT_RHS:REMOVED:global:true:1.0 ; 1 ; 1 ; 30 ; 60 ; 130049, 12419, 72581, 134279, 127627, 100364, 60432, 83217, 33169, 60050, 113554, 67095, 116887, 60954, 43804, 84510, 107550, 130336, 125475, 49827, 54308, 91428, 91433, 96168, 96808, 125994, 96559, 17583, 80947, 57011, 9398, 9145, 15801, 24761, 108989, 130876, 65727, 33343, 111427, 10442, 42444, 133453, 138445, 128592, 106962, 84694, 95704, 46685, 74079, 95199, 103777, 124513, 4451, 56939, 54387, 133621, 57080, 130043, 126460, 4862
12 ; RESERVED:CONDITION:INSERTED:global:falsey:2.0 ; 1 ; 2 ; 48 ; 191 ; 98305, 62977, 52482, 73481, 104203, 106507, 42764, 99341, 121612, 114959, 59663, 57872, 131603, 73749, 66324, 97302, 23321, 59162, 69914, 26396, 133148, 84766, 67104, 34850, 98083, 135719, 86823, 110374, 50728, 62504, 50217, 60713, 72232, 42283, 15148, 106540, 46894, 59695, 66864, 36658, 77875, 48948, 12342, 124470, 131386, 118840, 80704, 131392, 62532, 110405, 125769, 55881, 45389, 98124, 131407, 80206, 97617, 112465, 116304, 61014, 85079, 106838, 19032, 87641, 60506, 67418, 100700, 7774, 58721, 67683, 128612, 11879, 128614, 12648, 9833, 21099, 130666, 56940, 61292, 128109, 31341, 96108, 106351, 127345, 135280, 30581, 43896, 45432, 27517, 5758, 61055, 69502, 139645, 99456, 115587, 65411, 115333, 18821, 121988, 4998, 51079, 70537, 110473, 118665, 108939, 81292, 125839, 126095, 131213, 86160, 112533, 111508, 122004, 130196, 59291, 139161, 58780, 103329, 126368, 28323, 47268, 124836, 139175, 13482, 51882, 22444, 138670, 67244, 73388, 110511, 69552, 124336, 128944, 39602, 68787, 103861, 64696, 73405, 14015, 128704, 116418, 25285, 15302, 65478, 48072, 26314, 123597, 9677, 116172, 139468, 76753, 84432, 3795, 13012, 63700, 123860, 127959, 6106, 23002, 57818, 77789, 18910, 61406, 94431, 106207, 108766, 97763, 104419, 108771, 72933, 46053, 130276, 130279, 77542, 55528, 130540, 52974, 12271, 91633, 134643, 7922, 97778, 102900, 134644, 47607, 71158, 134645, 95737, 17659, 73210, 26109
13 ; RESERVED:STATEMENT:REMOVED:global:return:1.0 , RESERVED:CONDITION:REMOVED:global:falsey:1.0 ; 2 ; 2 ; 12 ; 18 ; 55938, 103909, 28390, 129511, 134442, 79464, 139371, 95245, 108780, 45072, 117456, 95762, 101717, 60887, 103449, 105084, 117150, 121182
14 ; RESERVED:CONDITION:INSERTED:global:sheq:1.0 , RESERVED:CONDITION:INSERTED:global:falsey:1.0 , RESERVED:CONDITION:INSERTED:global:typeof:1.0 ; 3 ; 3 ; 13 ; 15 ; 36160, 69313, 123936, 96261, 28232, 28398, 110286, 78293, 139223, 103991, 53144, 47289, 76888, 27611, 73724
15 ; RESERVED:CONDITION:INSERTED:global:sheq:2.0 ; 1 ; 3 ; 15 ; 23 ; 74721, 125921, 61189, 104071, 123143, 99046, 119078, 94152, 35722, 22989, 21198, 33326, 59408, 122738, 71253, 18837, 82100, 97878, 35448, 97368, 41786, 19901, 20927
16 ; RESERVED:ARGUMENT:INSERTED:global:null:1.0 ; 1 ; 1 ; 17 ; 27 ; 88899, 114499, 6213, 125901, 104140, 72271, 76752, 126416, 15896, 124761, 119000, 88731, 12635, 47199, 98718, 7589, 47206, 75562, 67248, 124277, 137466, 18297, 29626, 74557, 75581, 74175, 73470
17 ; RESERVED:METHOD_CALL:INSERTED:global:error:1.0 ; 1 ; 1 ; 9 ; 23 ; 91649, 115617, 125570, 90725, 20357, 73735, 100967, 45927, 126278, 6059, 74794, 128138, 90543, 40912, 67093, 126324, 101879, 73721, 86427, 40893, 76127, 95902, 104254
18 ; RESERVED:ASSIGNMENT_RHS:INSERTED:global:this:1.0 ; 1 ; 1 ; 11 ; 17 ; 122528, 80323, 56006, 58857, 104298, 58382, 124112, 79955, 67285, 12949, 67284, 80310, 1688, 30840, 72154, 62300, 24030
19 ; RESERVED:ASSIGNMENT_LHS:INSERTED:global:this:1.0 ; 1 ; 2 ; 28 ; 61 ; 123393, 23684, 109194, 2700, 41871, 48404, 51222, 38936, 59679, 104606, 87979, 13099, 64686, 87982, 69938, 86965, 54969, 55229, 82108, 38974, 28993, 50625, 40898, 93383, 37319, 54471, 102217, 112073, 128713, 115784, 130504, 13261, 119123, 53204, 83157, 49110, 112727, 112728, 133339, 81883, 67802, 54237, 114655, 63200, 133219, 93540, 133351, 10858, 88044, 51825, 109168, 65395, 104309, 39798, 7031, 122358, 70392, 59898, 34302, 34942, 39806
20 ; RESERVED:METHOD_CALL:INSERTED:global:callback:1.0 , RESERVED:STATEMENT:INSERTED:global:return:1.0 , RESERVED:CONDITION:INSERTED:global:falsey:1.0 ; 3 ; 2 ; 4 ; 13 ; 117281, 104320, 97257, 13449, 125835, 75759, 123861, 127157, 123607, 120125, 125119, 128031, 100734
21 ; RESERVED:STATEMENT:INSERTED:global:new:1.0 , RESERVED:CONDITION:INSERTED:global:falsey:1.0 ; 2 ; 2 ; 7 ; 12 ; 44176, 127169, 95152, 76498, 83540, 104388, 126868, 106807, 94347, 81053, 28381, 107999
22 ; RESERVED:ARGUMENT:INSERTED:global:error:1.0 , RESERVED:METHOD_CALL:INSERTED:global:callback:1.0 , RESERVED:STATEMENT:INSERTED:global:return:1.0 , RESERVED:CONDITION:INSERTED:global:falsey:1.0 , RESERVED:CONDITION:INSERTED:global:error:1.0 ; 5 ; 2 ; 4 ; 5 ; 116291, 121170, 104392, 95725, 121375
23 ; RESERVED:STATEMENT:INSERTED:global:return:1.0 , RESERVED:CONDITION:INSERTED:global:null:1.0 , RESERVED:CONDITION:INSERTED:global:typeof:1.0 ; 3 ; 2 ; 6 ; 10 ; 108736, 41876, 104404, 76648, 125547, 124314, 139081, 75565, 98941, 136653
24 ; RESERVED:CONDITION:INSERTED:global:falsey:1.0 , METHOD:METHOD_CALL:INSERTED:global:hasOwnProperty:1.0 ; 2 ; 1 ; 8 ; 11 ; 61104, 69857, 5393, 118613, 108663, 97286, 32986, 66587, 101291, 104410, 122303
25 ; RESERVED:CONDITION:REMOVED:global:falsey:1.0 ; 1 ; 2 ; 48 ; 180 ; 14082, 130051, 37123, 135174, 132615, 28678, 45319, 76550, 116742, 62728, 65288, 111369, 121097, 132104, 81162, 110858, 136461, 43026, 131088, 46099, 65554, 82965, 106007, 78614, 77081, 130328, 38170, 124701, 139294, 25373, 72735, 99614, 131616, 104486, 128810, 17453, 92204, 128815, 131372, 124721, 126512, 35890, 96819, 25397, 104756, 130868, 131127, 67385, 86329, 25657, 123960, 102715, 116026, 109631, 7747, 60483, 65602, 131143, 18760, 71240, 97611, 27213, 116556, 48208, 96592, 98128, 139600, 92500, 131668, 35162, 26203, 85597, 135263, 35678, 93281, 136291, 59746, 111970, 130405, 86887, 14697, 61546, 123244, 128115, 52851, 14199, 69750, 118902, 127862, 75129, 31353, 116861, 114300, 117377, 65667, 72835, 60547, 49284, 109445, 131463, 78215, 52618, 60810, 128906, 5519, 92817, 86672, 68247, 13976, 130201, 28313, 17818, 74911, 130976, 74914, 133798, 678, 5800, 124584, 82347, 135592, 61106, 13493, 6327, 135354, 31164, 132797, 36545, 48065, 78272, 96448, 121027, 129474, 121285, 75463, 114630, 45768, 97225, 128968, 125386, 136654, 67788, 13774, 137420, 74961, 139217, 13780, 70359, 126679, 132820, 69846, 130006, 75481, 128985, 13786, 24026, 70367, 28639, 61407, 121312, 128485, 69606, 64745, 68584, 109291, 121322, 119788, 96497, 131314, 59377, 32754, 60146, 81138, 123634, 110325, 55287, 132860, 121598, 125438, 133373
26 ; RESERVED:CONDITION:REMOVED:global:sheq:1.0 , RESERVED:CONDITION:INSERTED:global:falsey:1.0 ; 2 ; 1 ; 5 ; 8 ; 46192, 16836, 134406, 46181, 17222, 104518, 128589, 134412
27 ; RESERVED:ASSIGNMENT_RHS:REMOVED:global:true:1.0 , RESERVED:STATEMENT:UPDATED:global:var:1.0 ; 2 ; 1 ; 9 ; 11 ; 53552, 83392, 87219, 39060, 116821, 119925, 75956, 87220, 127867, 104730, 58173
28 ; RESERVED:ASSIGNMENT_RHS:REMOVED:global:false:1.0 ; 1 ; 2 ; 18 ; 32 ; 91457, 27971, 83398, 114438, 39882, 94413, 56909, 107980, 14862, 106191, 91219, 46036, 104789, 125333, 91028, 97044, 2710, 51800, 60696, 29657, 54619, 126042, 84387, 7651, 28003, 20650, 101482, 40113, 38706, 6324, 86777, 38525
29 ; RESERVED:ASSIGNMENT_LHS:REMOVED:global:this:1.0 ; 1 ; 1 ; 18 ; 26 ; 128770, 72397, 30157, 56910, 35920, 110673, 118365, 35869, 94364, 34527, 50020, 49957, 103015, 81128, 104812, 87792, 62067, 130805, 23797, 15223, 47544, 81080, 81917, 85372, 118396, 93439
30 ; RESERVED:ASSIGNMENT_RHS:INSERTED:global:true:1.0 ; 1 ; 1 ; 41 ; 189 ; 110853, 94212, 48393, 93448, 24330, 122123, 119562, 58893, 70412, 115727, 89870, 85521, 71696, 133139, 36884, 48916, 85524, 132885, 112153, 4121, 35867, 87581, 106524, 133152, 134688, 57379, 113698, 11812, 9765, 134180, 95270, 127529, 8233, 107565, 115501, 130092, 13614, 116015, 127791, 46384, 139314, 819, 47668, 8247, 116790, 129851, 7483, 27196, 118076, 74559, 56127, 16449, 35907, 49223, 12618, 87371, 107082, 3660, 102223, 129870, 16467, 1620, 120661, 4693, 10071, 31833, 9307, 57179, 48222, 93023, 63327, 50017, 134243, 12387, 133222, 74089, 10604, 15471, 56687, 78704, 114803, 127603, 24435, 48499, 108660, 10615, 68987, 6268, 107133, 134527, 36223, 41087, 113534, 36480, 121986, 115589, 90244, 132740, 117382, 122758, 90250, 113549, 58253, 133005, 47251, 93074, 24468, 118165, 66713, 47001, 32666, 24481, 28321, 9890, 24738, 11427, 60067, 120228, 79014, 29100, 89516, 22190, 102321, 133299, 3506, 112051, 121266, 60088, 65977, 19130, 130235, 11963, 59579, 12732, 65724, 133826, 4292, 65732, 39879, 75208, 68811, 30411, 69837, 123085, 12237, 110799, 102609, 48593, 108755, 84692, 69847, 30936, 92889, 97501, 55518, 58078, 49632, 70369, 72416, 75488, 107491, 84453, 133094, 130790, 24040, 39912, 104937, 36585, 95208, 15339, 26860, 47341, 48621, 26862, 127471, 27119, 68337, 128241, 95216, 111344, 95733, 106996, 60150, 97014, 98294, 49657, 24058, 37117, 49661
31 ; RESERVED:STATEMENT:INSERTED:global:var:1.0 , RESERVED:CONDITION:INSERTED:global:falsey:1.0 ; 2 ; 3 ; 32 ; 79 ; 12032, 126849, 130309, 133508, 24839, 97542, 104968, 96397, 67084, 71951, 60688, 106129, 54033, 27666, 55058, 105618, 96533, 100885, 113556, 54678, 113302, 11418, 86555, 86554, 61724, 100892, 65567, 52640, 103200, 64935, 7593, 123304, 133417, 94258, 132023, 134839, 63798, 98871, 98873, 121145, 75835, 132153, 98876, 14783, 63173, 75974, 98123, 135112, 44236, 5199, 98254, 125521, 61137, 74457, 134106, 28505, 106584, 58715, 121050, 15452, 82397, 95452, 87265, 93154, 96485, 39269, 114921, 62953, 44267, 110186, 90479, 19960, 128121, 12025, 98680, 76026, 41212, 109181, 33535
32 ; RESERVED:ASSIGNMENT_LHS:INSERTED:global:this:2.0 ; 1 ; 2 ; 5 ; 7 ; 34753, 108768, 72293, 25863, 73848, 105085, 115375
33 ; RESERVED:ASSIGNMENT_RHS:REMOVED:global:false:1.0 , RESERVED:ASSIGNMENT_RHS:INSERTED:global:true:1.0 ; 2 ; 1 ; 15 ; 25 ; 55746, 105090, 70020, 34129, 53141, 59990, 113559, 14680, 26584, 16538, 53082, 6940, 85471, 27049, 26924, 116269, 76780, 105196, 113010, 17268, 54837, 73780, 15288, 107128, 12988
34 ; RESERVED:CONDITION:INSERTED:global:falsey:1.0 , RESERVED:STATEMENT:UPDATED:global:var:1.0 ; 2 ; 2 ; 42 ; 144 ; 102915, 87557, 126981, 7942, 58376, 127242, 96780, 132627, 112146, 127765, 96276, 101911, 122647, 131604, 30743, 37144, 58392, 43291, 71706, 135961, 96031, 8479, 120606, 111395, 50724, 113963, 94506, 59180, 64302, 17967, 35119, 113971, 73266, 87860, 119350, 72764, 69700, 124232, 126536, 120906, 137801, 16716, 109134, 33872, 31826, 127316, 98135, 127318, 72281, 68705, 87649, 105313, 10596, 78437, 63591, 47466, 82283, 20331, 74860, 107884, 61041, 99955, 123250, 130165, 37500, 42366, 136061, 119683, 69509, 126853, 130951, 43913, 113291, 127371, 136584, 31115, 134285, 38544, 113553, 126864, 8850, 47763, 126614, 86424, 69791, 69278, 23969, 65955, 98978, 134566, 135590, 124071, 88230, 108719, 8879, 75950, 115633, 83892, 134071, 73655, 9656, 130488, 50362, 130747, 59069, 89793, 15810, 50626, 82370, 119494, 117704, 96971, 132808, 134344, 24523, 31951, 17360, 69329, 125905, 12754, 66259, 131028, 73942, 37081, 22748, 36061, 82652, 99036, 135650, 138467, 126691, 69858, 79339, 93932, 73711, 5873, 129008, 31476, 124917, 48119, 124155, 124159, 82686, 136957
35 ; FIELD:CONDITION:INSERTED:global:length:1.0 , RESERVED:CONDITION:INSERTED:global:typeof:1.0 ; 2 ; 1 ; 13 ; 17 ; 40067, 139558, 74916, 62537, 15114, 78605, 121900, 87983, 80910, 47287, 101883, 61597, 63517, 1470, 35134, 139292, 105342
36 ; RESERVED:CONDITION:INSERTED:global:this:1.0 ; 1 ; 1 ; 10 ; 10 ; 34016, 78897, 43921, 33682, 31414, 110343, 81017, 108952, 29611, 105354
37 ; RESERVED:CONDITION:INSERTED:global:sheq:1.0 , RESERVED:CONDITION:INSERTED:global:falsey:2.0 ; 2 ; 1 ; 6 ; 6 ; 12849, 130512, 14550, 60841, 122060, 121902
38 ; RESERVED:ARGUMENT:REMOVED:global:null:1.0 ; 1 ; 1 ; 14 ; 16 ; 81921, 122179, 65924, 91274, 47408, 71666, 127602, 40052, 97397, 105813, 105716, 85207, 63383, 110360, 4538, 115487
39 ; RESERVED:METHOD_CALL:REMOVED:global:this:1.0 ; 1 ; 2 ; 20 ; 53 ; 26880, 26885, 31109, 55176, 35081, 105744, 35090, 48914, 61972, 7961, 13081, 48537, 33053, 36765, 111263, 40738, 51878, 8232, 38184, 27305, 33712, 33203, 109627, 45499, 92218, 12860, 70083, 55876, 48074, 110283, 54350, 29263, 47567, 15317, 51670, 62936, 131162, 45022, 25695, 122720, 57065, 40045, 15728, 40689, 45300, 40437, 21878, 43126, 35960, 108409, 54265, 48894, 94846
40 ; RESERVED:CONDITION:INSERTED:global:sheq:1.0 , RESERVED:CONDITION:REMOVED:global:eq:1.0 ; 2 ; 1 ; 17 ; 31 ; 123847, 26631, 35788, 35918, 91982, 95888, 129173, 98646, 105947, 36446, 60832, 95778, 41060, 9066, 135401, 19885, 81260, 139631, 121390, 81264, 139632, 111861, 14389, 33269, 38454, 37175, 53370, 111994, 119997, 42686, 97983
41 ; RESERVED:ASSIGNMENT_RHS:INSERTED:global:true:1.0 , RESERVED:STATEMENT:UPDATED:global:new:1.0 , RESERVED:STATEMENT:UPDATED:global:var:1.0 ; 3 ; 1 ; 6 ; 8 ; 4497, 115108, 49206, 111159, 16583, 109465, 76123, 106106
42 ; RESERVED:CONDITION:INSERTED:global:falsey:1.0 , RESERVED:CONDITION:INSERTED:global:callback:1.0 ; 2 ; 1 ; 5 ; 8 ; 40576, 52210, 53187, 120530, 107015, 116682, 106125, 125213
43 ; RESERVED:ARGUMENT:REMOVED:global:error:1.0 ; 1 ; 2 ; 13 ; 31 ; 89024, 57733, 113095, 95494, 109897, 110664, 101067, 108366, 87893, 88148, 58071, 75158, 10072, 15576, 102169, 80728, 93595, 26524, 107360, 93346, 14759, 109929, 86632, 95978, 108013, 14574, 94899, 98103, 18167, 80569, 15294
44 ; RESERVED:ASSIGNMENT_RHS:INSERTED:global:true:1.0 , RESERVED:STATEMENT:UPDATED:global:var:1.0 ; 2 ; 1 ; 19 ; 33 ; 8832, 60419, 71301, 82184, 94666, 34382, 119759, 92622, 111246, 27408, 42705, 81043, 74388, 96660, 129560, 52122, 56794, 91290, 42462, 89569, 98848, 82916, 56614, 53223, 83881, 129257, 106221, 66988, 115052, 115765, 117237, 53175, 58041
45 ; RESERVED:CONDITION:INSERTED:global:falsey:1.0 , RESERVED:STATEMENT:UPDATED:global:var:2.0 ; 2 ; 4 ; 7 ; 9 ; 106288, 109010, 136581, 62617, 88808, 109003, 13854, 94670, 109006
46 ; RESERVED:STATEMENT:REMOVED:global:return:1.0 , RESERVED:CONDITION:INSERTED:global:falsey:1.0 , RESERVED:CONDITION:REMOVED:global:falsey:1.0 ; 3 ; 3 ; 6 ; 6 ; 78310, 106408, 119677, 139228, 32047, 55055
47 ; RESERVED:ARGUMENT:INSERTED:global:this:1.0 ; 1 ; 1 ; 23 ; 39 ; 129283, 35909, 25415, 24840, 113803, 23119, 95950, 88209, 12883, 99154, 51860, 67029, 102359, 68630, 35545, 80988, 56030, 55712, 54753, 106467, 109861, 122533, 129703, 98920, 111720, 12587, 15275, 62316, 71855, 124342, 12665, 54329, 102904, 24954, 102586, 98813, 109245, 36031, 94142
48 ; RESERVED:CONDITION:INSERTED:global:falsey:2.0 , RESERVED:STATEMENT:UPDATED:global:var:1.0 ; 2 ; 3 ; 21 ; 36 ; 120897, 4034, 20995, 106500, 126084, 9286, 128647, 136389, 128586, 136078, 12622, 103310, 54487, 134111, 84062, 84065, 133346, 69536, 76002, 84068, 119140, 114278, 65128, 72809, 98537, 13417, 45676, 98161, 45685, 126260, 26294, 124982, 82811, 87421, 87422, 121534
49 ; RESERVED:CONDITION:REMOVED:global:falsey:2.0 ; 1 ; 2 ; 26 ; 50 ; 84737, 74373, 19334, 106506, 127114, 126478, 23194, 139160, 52252, 97437, 136607, 97698, 59817, 75944, 116651, 101807, 31535, 72238, 28212, 120885, 72244, 121271, 65463, 131381, 133187, 84418, 57157, 134981, 34381, 98380, 121036, 102608, 122704, 130384, 6101, 55000, 77533, 106847, 66910, 90718, 58849, 30695, 72938, 127210, 99055, 20851, 121973, 80758, 98043, 42492
50 ; RESERVED:ASSIGNMENT_RHS:REMOVED:global:this:1.0 ; 1 ; 1 ; 9 ; 10 ; 79953, 27441, 22018, 60739, 68196, 109767, 86969, 30763, 14589, 108911
51 ; RESERVED:CONDITION:INSERTED:global:eq:1.0 , RESERVED:CONDITION:INSERTED:global:typeof:1.0 ; 2 ; 1 ; 16 ; 28 ; 113479, 113734, 86856, 96264, 80721, 21781, 79769, 87256, 83805, 80604, 106591, 6369, 131047, 129446, 130982, 23464, 131432, 135726, 19886, 52148, 132212, 86966, 33272, 113339, 137022, 16317, 43645, 90046
52 ; RESERVED:ARGUMENT:REMOVED:global:this:1.0 ; 1 ; 1 ; 22 ; 43 ; 95808, 129280, 129346, 129285, 12485, 69958, 14920, 100875, 128523, 21708, 89164, 66580, 102356, 128791, 5847, 40664, 106649, 111193, 57817, 38554, 15196, 43933, 60893, 12834, 106787, 67045, 113061, 41766, 35944, 28459, 110122, 32814, 59758, 99631, 129327, 130992, 23283, 26675, 53496, 124794, 66557, 89148, 54783
53 ; RESERVED:ASSIGNMENT_RHS:INSERTED:global:false:1.0 ; 1 ; 1 ; 31 ; 75 ; 38656, 106753, 29569, 64769, 64770, 67202, 70405, 72964, 75780, 9223, 114441, 118411, 57870, 31247, 61199, 93845, 47512, 23707, 74650, 107546, 133020, 113570, 67495, 101415, 423, 94888, 23210, 55850, 57003, 9644, 54828, 62125, 125996, 3887, 82606, 36914, 74293, 72758, 49855, 132928, 90949, 76743, 15943, 67270, 25675, 67277, 29389, 24142, 115535, 8402, 127571, 128083, 39891, 79954, 72023, 123994, 56670, 98783, 6242, 128739, 70498, 16365, 36721, 9074, 55541, 116087, 24440, 60153, 75896, 47610, 38779, 102141, 58238, 11007, 15615
54 ; FIELD:ASSIGNMENT_LHS:INSERTED:global:prototype:1.0 ; 1 ; 3 ; 29 ; 94 ; 66048, 118917, 42502, 82955, 106763, 72202, 108298, 64268, 129804, 52366, 60431, 55313, 27923, 48788, 56596, 65428, 35221, 38421, 64406, 115481, 107291, 59547, 38429, 87964, 34207, 38308, 116521, 39849, 118184, 118314, 34221, 37166, 82351, 51631, 16817, 132531, 132915, 32818, 37170, 20276, 23988, 82612, 116788, 40630, 55350, 122425, 110776, 34108, 59324, 50877, 86592, 34499, 124482, 132548, 23753, 37321, 72267, 60363, 113612, 116684, 61007, 16848, 53968, 51411, 55381, 34007, 118872, 48732, 93533, 24158, 119519, 61029, 69348, 66407, 87527, 17895, 72166, 48360, 60393, 111723, 130410, 24813, 111596, 40815, 116462, 37104, 113651, 51700, 51832, 39289, 25725, 66044, 91772, 37630
55 ; RESERVED:CONDITION:REMOVED:global:falsey:1.0 , RESERVED:STATEMENT:UPDATED:global:var:1.0 ; 2 ; 2 ; 18 ; 30 ; 26624, 119169, 117507, 52803, 67842, 102919, 123080, 7883, 135564, 136658, 21650, 106834, 18836, 133718, 67863, 69789, 606, 17950, 120990, 134819, 68066, 113962, 113964, 101873, 78832, 135859, 108985, 13374, 65023, 117310
56 ; RESERVED:ARGUMENT:INSERTED:global:error:1.0 ; 1 ; 1 ; 17 ; 25 ; 11648, 86593, 962, 120515, 111426, 11780, 93254, 106890, 52303, 14800, 36055, 66393, 24924, 8990, 93406, 87713, 107362, 112098, 124005, 101670, 46448, 37105, 94583, 16827, 31805
57 ; RESERVED:ARGUMENT:INSERTED:global:null:2.0 ; 1 ; 1 ; 5 ; 6 ; 125617, 37030, 97639, 37112, 106954, 12494
58 ; RESERVED:METHOD_CALL:INSERTED:global:this:1.0 ; 1 ; 1 ; 32 ; 126 ; 14080, 39681, 32003, 13317, 42245, 46854, 111110, 12560, 44305, 47889, 29977, 41757, 13349, 51237, 38443, 39724, 107054, 12592, 108851, 23092, 59444, 28984, 14650, 28477, 79935, 28991, 40511, 31296, 31556, 40516, 55108, 101706, 48716, 55116, 49998, 108369, 55385, 12379, 29020, 68191, 75363, 28261, 40294, 23406, 23152, 102515, 48500, 51572, 55156, 103032, 12666, 50299, 34686, 25728, 34176, 62596, 42886, 38535, 61831, 110982, 42632, 57993, 122760, 55179, 122765, 38541, 56717, 122764, 65422, 8336, 26772, 36759, 39064, 22173, 41118, 14751, 29089, 35234, 22951, 7336, 47785, 47283, 13237, 113847, 17080, 67513, 112825, 54971, 67514, 29885, 108732, 35262, 64959, 27842, 5829, 75204, 83143, 68552, 112072, 99018, 133068, 120270, 39123, 60884, 37079, 15322, 49626, 27867, 27868, 35548, 39900, 16094, 99039, 111583, 22239, 55007, 14048, 93152, 47588, 108776, 20463, 131054, 35825, 62454, 122363, 55807
59 ; RESERVED:METHOD_CALL:INSERTED:global:this:2.0 ; 1 ; 2 ; 12 ; 20 ; 27136, 28229, 35269, 37029, 14022, 98055, 13607, 14631, 88486, 45067, 33069, 83630, 48400, 53491, 13082, 28828, 99068, 27134, 29598, 40286
60 ; RESERVED:CONDITION:INSERTED:global:falsey:1.0 , RESERVED:STATEMENT:UPDATED:global:return:1.0 ; 2 ; 1 ; 26 ; 58 ; 21888, 51842, 16771, 130949, 133765, 58894, 83343, 97038, 27415, 82840, 45978, 117530, 113309, 52639, 83874, 116261, 59173, 102695, 118827, 112810, 130861, 67120, 125492, 125876, 130871, 26295, 7611, 73661, 129341, 74817, 98883, 125762, 64836, 87236, 81991, 125382, 25934, 27598, 38990, 84431, 130771, 21336, 24155, 4316, 27358, 98143, 80099, 125795, 107106, 125540, 125927, 108523, 27629, 125431, 98296, 125048, 133886, 45565
61 ; RESERVED:ASSIGNMENT_RHS:REMOVED:global:true:1.0 , RESERVED:ASSIGNMENT_RHS:INSERTED:global:false:1.0 ; 2 ; 1 ; 12 ; 22 ; 68512, 12483, 12835, 7461, 76841, 49035, 98026, 35820, 102224, 107120, 113938, 73782, 35544, 86169, 107129, 10459, 76890, 113082, 113178, 7165, 52926, 70014
62 ; FIELD:ASSIGNMENT_LHS:REMOVED:global:prototype:1.0 ; 1 ; 5 ; 9 ; 9 ; 40112, 14646, 138330, 50441, 87144, 24219, 56283, 107130, 82492
63 ; METHOD:METHOD_CALL:INSERTED:global:forEach:1.0 ; 1 ; 4 ; 12 ; 16 ; 50560, 64610, 9508, 83207, 118726, 19019, 26347, 133324, 115217, 76464, 53621, 99543, 28152, 107256, 76893, 117565
64 ; RESERVED:CONDITION:INSERTED:global:sheq:1.0 , RESERVED:STATEMENT:INSERTED:global:return:1.0 ; 2 ; 2 ; 18 ; 29 ; 91584, 7556, 124357, 119428, 38214, 126662, 14344, 129162, 15182, 31634, 88084, 114137, 63519, 73955, 100963, 126181, 26277, 87463, 119143, 46184, 130539, 119148, 123311, 87410, 17332, 107381, 52091, 57341, 91583
65 ; RESERVED:CONDITION:INSERTED:global:eq:1.0 , RESERVED:CONDITION:REMOVED:global:sheq:1.0 ; 2 ; 1 ; 9 ; 18 ; 66209, 87938, 110082, 87941, 108612, 110825, 12906, 130443, 32045, 88812, 86895, 107759, 12944, 88881, 87152, 110650, 21724, 95295
66 ; RESERVED:STATEMENT:INSERTED:global:var:1.0 , RESERVED:CONDITION:INSERTED:global:falsey:1.0 , RESERVED:STATEMENT:UPDATED:global:return:1.0 ; 3 ; 3 ; 7 ; 9 ; 108097, 115522, 58470, 74791, 125526, 75576, 24139, 131326, 46445
67 ; RESERVED:CONDITION:INSERTED:global:eq:1.0 ; 1 ; 1 ; 20 ; 62 ; 101763, 75268, 87684, 109319, 5767, 68486, 82953, 76424, 82312, 7434, 95498, 44300, 100621, 88208, 66965, 7319, 7451, 136860, 38943, 68510, 108194, 69285, 69541, 39851, 74922, 109741, 73518, 84533, 81590, 67258, 85308, 110783, 69694, 73534, 131523, 87621, 5575, 132426, 42697, 110024, 28503, 6362, 69979, 17243, 66785, 13025, 66789, 76005, 8678, 118118, 84970, 137583, 4974, 44398, 87918, 45424, 108400, 68339, 131440, 132340, 73211, 65276
68 ; RESERVED:CONDITION:INSERTED:global:falsey:2.0 , RESERVED:CONDITION:REMOVED:global:falsey:1.0 , RESERVED:STATEMENT:UPDATED:global:var:1.0 ; 3 ; 1 ; 5 ; 7 ; 130306, 138132, 53720, 64440, 108202, 124698, 137295
69 ; RESERVED:CONDITION:INSERTED:global:falsey:6.0 ; 1 ; 2 ; 5 ; 5 ; 130657, 63076, 108213, 135015, 123783
70 ; RESERVED:ASSIGNMENT_RHS:REMOVED:global:this:1.0 , RESERVED:STATEMENT:REMOVED:global:var:1.0 ; 2 ; 1 ; 7 ; 7 ; 28272, 110274, 7380, 108263, 46024, 51833, 59788
71 ; RESERVED:CONDITION:INSERTED:global:eq:1.0 , RESERVED:STATEMENT:INSERTED:global:return:1.0 ; 2 ; 2 ; 6 ; 6 ; 38456, 79515, 43867, 108266, 19197, 135404
72 ; METHOD:METHOD_CALL:REMOVED:global:forEach:1.0 ; 1 ; 3 ; 6 ; 6 ; 71264, 7746, 108307, 6342, 19931, 33439
73 ; METHOD:METHOD_CALL:INSERTED:global:String:1.0 ; 1 ; 1 ; 5 ; 7 ; 108354, 109220, 27642, 48060, 38557, 108348, 136237
74 ; RESERVED:CONDITION:INSERTED:global:eq:1.0 , RESERVED:STATEMENT:UPDATED:global:var:1.0 ; 2 ; 2 ; 6 ; 9 ; 39184, 137219, 132464, 138838, 46120, 108412, 83887, 131485, 131613
75 ; RESERVED:CONDITION:INSERTED:global:undefined:1.0 , RESERVED:CONDITION:INSERTED:global:typeof:1.0 ; 2 ; 1 ; 21 ; 36 ; 108417, 33155, 19844, 10633, 62922, 18955, 52364, 69331, 132501, 64349, 111900, 59678, 11231, 87585, 64801, 87456, 118688, 47907, 64355, 94242, 110309, 12453, 70315, 55148, 10416, 24624, 10674, 71730, 130226, 109812, 130036, 74806, 12280, 25147, 58814, 43071
76 ; METHOD:METHOD_CALL:REMOVED:global:toLowerCase:1.0 ; 1 ; 1 ; 4 ; 6 ; 113232, 108498, 52089, 13947, 113228, 129311
77 ; RESERVED:STATEMENT:INSERTED:global:return:1.0 , RESERVED:STATEMENT:INSERTED:global:var:1.0 , RESERVED:CONDITION:INSERTED:global:falsey:1.0 ; 3 ; 5 ; 8 ; 9 ; 13984, 108563, 130659, 65075, 47333, 5334, 35258, 125469, 64062
78 ; CLASS:METHOD_CALL:INSERTED:global:Array:1.0 , RESERVED:CONDITION:INSERTED:global:falsey:1.0 ; 2 ; 1 ; 6 ; 10 ; 118242, 33700, 108741, 124549, 26279, 93707, 111451, 98266, 24573, 97276
79 ; METHOD:METHOD_CALL:INSERTED:global:match:1.0 ; 1 ; 1 ; 4 ; 5 ; 57008, 109025, 63847, 86521, 110190
80 ; FIELD:ASSIGNMENT_RHS:INSERTED:global:prototype:1.0 , FIELD:ASSIGNMENT_LHS:INSERTED:global:prototype:1.0 ; 2 ; 1 ; 6 ; 6 ; 56245, 35879, 79928, 109083, 139432, 38559
81 ; RESERVED:ASSIGNMENT_LHS:INSERTED:global:this:1.0 , RESERVED:ASSIGNMENT_RHS:INSERTED:global:true:1.0 ; 2 ; 1 ; 7 ; 11 ; 62704, 56289, 39938, 35894, 55128, 68072, 40138, 56282, 115483, 109402, 35612
82 ; RESERVED:ASSIGNMENT_RHS:INSERTED:global:true:2.0 ; 1 ; 1 ; 24 ; 41 ; 13571, 134145, 133831, 24518, 50886, 24327, 60231, 74376, 3787, 92941, 24205, 90252, 46095, 52113, 11988, 62168, 68569, 94169, 9178, 48605, 84255, 114270, 42848, 3809, 24354, 95266, 24228, 63717, 117799, 48872, 109419, 60396, 115884, 109423, 33391, 7664, 93109, 22073, 4092, 133759, 98814
83 ; RESERVED:ASSIGNMENT_RHS:INSERTED:global:false:1.0 , RESERVED:STATEMENT:UPDATED:global:var:1.0 ; 2 ; 1 ; 14 ; 18 ; 91648, 50916, 91908, 83462, 132997, 55855, 92334, 126382, 44752, 4882, 9907, 68690, 36725, 2874, 49020, 83293, 91229, 109502
84 ; RESERVED:STATEMENT:INSERTED:global:return:1.0 , RESERVED:CONDITION:INSERTED:global:falsey:2.0 ; 2 ; 2 ; 10 ; 13 ; 97088, 97952, 109573, 64997, 132844, 12496, 132849, 36760, 67512, 124984, 26236, 14398, 8831
85 ; RESERVED:METHOD_CALL:INSERTED:global:this:1.0 , FIELD:ASSIGNMENT_LHS:INSERTED:global:prototype:1.0 ; 2 ; 4 ; 7 ; 8 ; 64530, 110819, 34227, 133067, 27197, 40190, 109599, 134413
86 ; RESERVED:ASSIGNMENT_RHS:REMOVED:global:null:1.0 ; 1 ; 1 ; 12 ; 14 ; 56832, 117221, 128900, 113769, 109640, 14923, 71633, 87824, 127539, 95924, 13879, 86616, 7898, 55419
87 ; RESERVED:ASSIGNMENT_LHS:INSERTED:global:this:1.0 , RESERVED:CONDITION:INSERTED:global:falsey:1.0 ; 2 ; 2 ; 5 ; 6 ; 31284, 109643, 100426, 91500, 109644, 12750
88 ; RESERVED:ASSIGNMENT_RHS:INSERTED:global:true:3.0 ; 1 ; 2 ; 7 ; 8 ; 43142, 109975, 1400, 114313, 72427, 101691, 133225, 29532
89 ; RESERVED:CONDITION:REMOVED:global:typeof:1.0 , RESERVED:CONDITION:REMOVED:global:sheq:1.0 ; 2 ; 1 ; 14 ; 16 ; 24803, 62788, 109989, 60165, 17927, 76109, 20112, 34388, 121332, 95448, 33818, 38138, 21211, 40573, 69436, 100446
90 ; RESERVED:ARGUMENT:INSERTED:global:true:1.0 , RESERVED:STATEMENT:UPDATED:global:var:1.0 ; 2 ; 2 ; 7 ; 8 ; 131283, 52690, 103123, 139073, 72853, 46104, 110089, 76557
91 ; RESERVED:CONDITION:REMOVED:global:eq:1.0 ; 1 ; 2 ; 11 ; 15 ; 137058, 68837, 76421, 131593, 101933, 45327, 73168, 54962, 45396, 66772, 58262, 110102, 132283, 84732, 65790
92 ; METHOD:METHOD_CALL:REMOVED:global:unshift:1.0 ; 1 ; 1 ; 5 ; 7 ; 96341, 110116, 110121, 117784, 85179, 110124, 121772
93 ; RESERVED:CONDITION:INSERTED:global:falsey:1.0 , RESERVED:CONDITION:REMOVED:global:falsey:1.0 , RESERVED:STATEMENT:UPDATED:global:var:1.0 ; 3 ; 3 ; 14 ; 25 ; 110144, 136903, 46919, 33801, 137483, 25808, 132242, 131670, 62741, 129688, 78683, 135064, 136984, 30683, 135524, 58729, 66925, 73709, 129580, 110575, 13557, 127927, 136501, 46205, 133884
94 ; RESERVED:STATEMENT:INSERTED:global:var:1.0 , RESERVED:CONDITION:INSERTED:global:falsey:3.0 ; 2 ; 2 ; 5 ; 5 ; 126487, 97144, 55276, 64525, 110206
95 ; FIELD:ASSIGNMENT_RHS:REMOVED:global:length:1.0 ; 1 ; 1 ; 6 ; 6 ; 68195, 116884, 78391, 56557, 110223, 135469
96 ; METHOD:METHOD_CALL:REMOVED:global:replace:1.0 ; 1 ; 1 ; 11 ; 16 ; 84960, 128160, 98020, 124455, 33640, 48680, 125384, 28938, 78128, 80023, 116919, 14905, 21307, 25148, 118045, 28638
97 ; RESERVED:STATEMENT:REMOVED:global:return:1.0 , RESERVED:STATEMENT:INSERTED:global:return:1.0 , RESERVED:CONDITION:INSERTED:global:falsey:1.0 ; 3 ; 3 ; 15 ; 21 ; 76545, 46657, 1634, 99877, 59333, 45030, 66023, 87366, 117544, 124010, 66380, 128496, 76178, 110356, 65494, 131291, 1530, 84027, 131167, 139071, 70046
98 ; METHOD:METHOD_CALL:INSERTED:global:unshift:1.0 ; 1 ; 1 ; 2 ; 6 ; 110592, 111093, 111893, 110710, 124056, 124650
99 ; RESERVED:CONDITION:INSERTED:global:sheq:1.0 , RESERVED:STATEMENT:UPDATED:global:var:1.0 ; 2 ; 2 ; 14 ; 26 ; 128640, 120323, 127875, 93378, 30986, 93452, 129999, 110612, 115351, 71254, 17113, 1562, 56155, 55516, 78173, 126685, 66022, 68969, 128492, 28593, 42994, 125365, 90295, 17015, 57527, 9976
100 ; METHOD:METHOD_CALL:INSERTED:global:bind:1.0 ; 1 ; 2 ; 11 ; 18 ; 26304, 99392, 39587, 122725, 34854, 40454, 33001, 23019, 36171, 34860, 31599, 125461, 63318, 37593, 110621, 13118, 85055, 125822
101 ; RESERVED:STATEMENT:INSERTED:global:var:1.0 , RESERVED:ASSIGNMENT_RHS:INSERTED:global:this:1.0 ; 2 ; 1 ; 7 ; 13 ; 101926, 96105, 24907, 30701, 65964, 69582, 98065, 30003, 114290, 69654, 41400, 110712, 102143
102 ; RESERVED:ASSIGNMENT_RHS:INSERTED:global:false:2.0 ; 1 ; 1 ; 7 ; 9 ; 127009, 90947, 1176, 62121, 65305, 3067, 60027, 93823, 75774
103 ; METHOD:METHOD_CALL:INSERTED:global:replace:1.0 ; 1 ; 1 ; 28 ; 76 ; 44290, 110723, 115205, 80265, 127112, 102667, 21387, 7311, 139405, 25744, 58257, 13972, 18580, 125205, 86164, 79766, 9496, 138267, 113691, 83869, 61600, 80293, 57640, 80680, 29099, 76330, 6317, 80556, 59310, 116398, 127923, 78258, 120757, 25141, 125495, 75577, 25273, 124735, 112574, 76353, 83137, 74176, 83008, 3781, 51019, 25932, 28237, 62285, 88012, 78675, 24915, 88018, 130898, 87767, 79960, 126683, 79459, 76386, 86503, 130026, 114157, 16751, 43760, 26737, 28146, 28404, 49399, 63735, 126969, 128123, 25595, 112634, 118268, 25598, 35455, 127614
104 ; RESERVED:ARGUMENT:INSERTED:global:null:1.0 , RESERVED:STATEMENT:UPDATED:global:return:1.0 ; 2 ; 1 ; 10 ; 13 ; 20704, 139008, 76194, 122085, 101518, 68148, 118292, 64279, 72632, 123864, 125949, 18846, 110814
105 ; RESERVED:CONDITION:INSERTED:global:falsey:1.0 , RESERVED:CONDITION:REMOVED:global:falsey:2.0 ; 2 ; 2 ; 7 ; 9 ; 117521, 137616, 16003, 110967, 125672, 54202, 125211, 4171, 119727
106 ; RESERVED:ASSIGNMENT_RHS:REMOVED:global:true:1.0 , RESERVED:ASSIGNMENT_RHS:REMOVED:global:false:1.0 ; 2 ; 1 ; 5 ; 6 ; 688, 70704, 68836, 110969, 62171, 110974
107 ; FIELD:ASSIGNMENT_LHS:REMOVED:global:prototype:1.0 ; 1 ; 1 ; 6 ; 6 ; 7570, 40611, 115510, 111673, 17726, 63775
108 ; RESERVED:CONDITION:INSERTED:global:sheq:1.0 , RESERVED:STATEMENT:INSERTED:global:return:1.0 , RESERVED:CONDITION:INSERTED:global:falsey:1.0 ; 3 ; 2 ; 3 ; 6 ; 60224, 57170, 111975, 128599, 121640, 128984
109 ; RESERVED:CONDITION:INSERTED:global:sheq:1.0 , METHOD:METHOD_CALL:INSERTED:global:indexOf:1.0 ; 2 ; 1 ; 9 ; 10 ; 116801, 58242, 112003, 60533, 75812, 131191, 75368, 118172, 22974, 38543
110 ; RESERVED:CONDITION:REMOVED:global:typeof:1.0 ; 1 ; 1 ; 4 ; 6 ; 139282, 78864, 78547, 112169, 127722, 139326
111 ; RESERVED:STATEMENT:INSERTED:global:var:1.0 , RESERVED:CONDITION:INSERTED:global:falsey:1.0 , RESERVED:STATEMENT:REMOVED:global:var:1.0 ; 3 ; 3 ; 11 ; 14 ; 24192, 112291, 132455, 128326, 102347, 21709, 67535, 66190, 120430, 62192, 40658, 57042, 71417, 119646
112 ; RESERVED:CONDITION:REMOVED:global:error:1.0 , RESERVED:CONDITION:INSERTED:global:falsey:1.0 , RESERVED:CONDITION:INSERTED:global:error:1.0 , RESERVED:CONDITION:REMOVED:global:falsey:1.0 ; 4 ; 1 ; 4 ; 5 ; 30689, 25778, 56627, 112354, 97706
113 ; RESERVED:ARGUMENT:INSERTED:global:true:1.0 ; 1 ; 1 ; 23 ; 34 ; 16256, 134082, 72197, 117764, 78343, 85254, 112520, 128584, 80203, 97678, 51536, 120786, 125332, 65240, 55196, 76317, 58463, 123550, 27108, 46886, 117031, 44071, 137194, 134379, 93930, 127087, 53359, 102323, 34035, 34547, 129202, 56117, 56183, 114168
114 ; RESERVED:CONDITION:REMOVED:global:typeof:1.0 , RESERVED:CONDITION:REMOVED:global:undefined:1.0 ; 2 ; 1 ; 7 ; 9 ; 131906, 112693, 89367, 124215, 134932, 90454, 98534, 117369, 30731
115 ; RESERVED:STATEMENT:UPDATED:global:return:1.0 , METHOD:METHOD_CALL:INSERTED:global:replace:1.0 ; 2 ; 1 ; 14 ; 22 ; 130883, 21924, 31780, 87079, 78278, 71785, 131562, 83880, 5323, 83690, 63180, 76974, 68241, 63157, 112823, 12727, 133813, 76061, 130015, 27231, 78366, 139133
116 ; METHOD:METHOD_CALL:INSERTED:global:exec:1.0 ; 1 ; 1 ; 5 ; 15 ; 71521, 113345, 112995, 112904, 113101, 112908, 93456, 112883, 118901, 112856, 54650, 112827, 113307, 112863, 112894
117 ; METHOD:METHOD_CALL:INSERTED:global:push:1.0 ; 1 ; 1 ; 13 ; 26 ; 136003, 138816, 50247, 133707, 32075, 85194, 78285, 7066, 138648, 15458, 86307, 65319, 124011, 81194, 135529, 135279, 136563, 125812, 72503, 125815, 125814, 36537, 102395, 127930, 112957, 70012
118 ; RESERVED:CONDITION:REMOVED:global:falsey:1.0 , RESERVED:CONDITION:INSERTED:global:null:1.0 , RESERVED:CONDITION:INSERTED:global:typeof:1.0 ; 3 ; 1 ; 6 ; 8 ; 136642, 72931, 60675, 129672, 59453, 113132, 132700, 94574
119 ; RESERVED:ASSIGNMENT_RHS:INSERTED:global:true:2.0 , RESERVED:STATEMENT:UPDATED:global:var:1.0 ; 2 ; 1 ; 5 ; 5 ; 16922, 58251, 67165, 3390, 93135
120 ; RESERVED:CONDITION:INSERTED:global:sheq:1.0 , RESERVED:STATEMENT:INSERTED:global:new:1.0 , RESERVED:CONDITION:INSERTED:global:typeof:1.0 ; 3 ; 2 ; 9 ; 12 ; 38241, 113280, 128307, 24963, 35524, 40024, 71976, 20826, 29978, 75788, 60766, 127358
121 ; RESERVED:METHOD_CALL:REMOVED:global:this:2.0 ; 1 ; 2 ; 5 ; 6 ; 7857, 40596, 28218, 15197, 122860, 71279
122 ; METHOD:METHOD_CALL:INSERTED:global:call:1.0 ; 1 ; 1 ; 4 ; 5 ; 30648, 113561, 64762, 108540, 128860
123 ; FIELD:EXPRESSION:INSERTED:global:length:1.0 ; 1 ; 2 ; 10 ; 13 ; 15200, 46656, 72128, 21827, 124706, 21834, 72138, 34224, 68016, 26232, 84184, 2811, 13148
124 ; RESERVED:CONDITION:REMOVED:global:sheq:1.0 ; 1 ; 1 ; 22 ; 45 ; 9793, 14337, 127744, 117379, 124613, 113801, 126664, 62667, 129482, 130250, 50509, 72396, 76750, 56977, 58833, 49490, 16340, 59351, 30104, 87000, 139099, 97370, 126362, 134937, 9566, 96286, 81120, 35619, 73954, 119970, 116647, 76777, 94313, 123368, 120619, 27820, 13936, 36976, 82038, 126713, 126648, 69307, 125754, 121023, 68798
125 ; RESERVED:CONDITION:INSERTED:global:falsey:1.0 , RESERVED:CONDITION:REMOVED:global:falsey:1.0 , RESERVED:STATEMENT:UPDATED:global:return:1.0 ; 3 ; 1 ; 7 ; 9 ; 114048, 59874, 65490, 119239, 97766, 126024, 131230, 133967, 135277
126 ; RESERVED:METHOD_CALL:REMOVED:global:error:1.0 ; 1 ; 1 ; 5 ; 14 ; 73408, 70402, 99175, 121288, 68778, 114698, 71149, 123987, 117783, 125720, 61180, 95901, 123455, 127134
127 ; RESERVED:CONDITION:REMOVED:global:sheq:2.0 ; 1 ; 1 ; 6 ; 6 ; 70609, 119493, 81403, 135081, 61198, 114734
128 ; RESERVED:CONDITION:INSERTED:global:sheq:1.0 , RESERVED:CONDITION:INSERTED:global:falsey:1.0 ; 2 ; 1 ; 11 ; 13 ; 42948, 8325, 30120, 115053, 127991, 47255, 115384, 64538, 18847, 22943, 75806, 102398, 127966
129 ; RESERVED:CONDITION:INSERTED:global:falsey:1.0 , METHOD:METHOD_CALL:INSERTED:global:isNaN:1.0 ; 2 ; 1 ; 5 ; 6 ; 27826, 115097, 53706, 54590, 27823, 73662
130 ; RESERVED:CONDITION:INSERTED:global:falsey:1.0 , RESERVED:STATEMENT:REMOVED:global:var:1.0 ; 2 ; 3 ; 5 ; 5 ; 68832, 79283, 129912, 115181, 21023
131 ; RESERVED:ASSIGNMENT_RHS:INSERTED:global:null:1.0 ; 1 ; 1 ; 14 ; 33 ; 42752, 126147, 138688, 75269, 119110, 131786, 40201, 132296, 84365, 119121, 40278, 61079, 86614, 97688, 130776, 38427, 118558, 123937, 132070, 4902, 128486, 68393, 128489, 74216, 125611, 136808, 42801, 130675, 101874, 115314, 43638, 84412, 115519
132 ; RESERVED:STATEMENT:UPDATED:global:var:1.0 , METHOD:METHOD_CALL:INSERTED:global:toLowerCase:1.0 ; 2 ; 1 ; 7 ; 8 ; 115345, 81795, 30488, 75545, 59017, 98874, 51900, 129037
133 ; RESERVED:ASSIGNMENT_LHS:INSERTED:global:this:1.0 , RESERVED:ASSIGNMENT_RHS:INSERTED:global:this:1.0 ; 2 ; 1 ; 7 ; 9 ; 88737, 124019, 25891, 51735, 115366, 83368, 83357, 30190, 88750
134 ; RESERVED:STATEMENT:INSERTED:global:var:1.0 , RESERVED:CONDITION:INSERTED:global:falsey:1.0 , RESERVED:STATEMENT:UPDATED:global:var:1.0 ; 3 ; 3 ; 13 ; 19 ; 12867, 59299, 26596, 122887, 98921, 115757, 73740, 14351, 27471, 48431, 67185, 44370, 65269, 73172, 64249, 128600, 9308, 69853, 51454
135 ; RESERVED:ASSIGNMENT_LHS:INSERTED:global:this:1.0 , RESERVED:ASSIGNMENT_RHS:INSERTED:global:false:1.0 ; 2 ; 1 ; 5 ; 5 ; 25393, 116022, 56265, 62699, 67517
136 ; RESERVED:CONDITION:INSERTED:global:falsey:1.0 , RESERVED:ASSIGNMENT_RHS:INSERTED:global:true:1.0 ; 2 ; 2 ; 11 ; 14 ; 80227, 86371, 74213, 100005, 38469, 132423, 29798, 123399, 120329, 12809, 116680, 121708, 70800, 126933
137 ; FIELD:ASSIGNMENT_LHS:INSERTED:global:prototype:2.0 ; 1 ; 6 ; 5 ; 7 ; 116705, 122257, 56434, 94114, 82900, 90263, 38940
138 ; FIELD:CONDITION:INSERTED:global:length:1.0 ; 1 ; 1 ; 14 ; 23 ; 50240, 78561, 56770, 72066, 53444, 65957, 88229, 129348, 12518, 48103, 75686, 129801, 24015, 128561, 35953, 4915, 50867, 14036, 130613, 15418, 54651, 73119, 22111
139 ; METHOD:METHOD_CALL:INSERTED:global:match:1.0 , RESERVED:CONDITION:INSERTED:global:falsey:1.0 ; 2 ; 1 ; 6 ; 8 ; 65008, 25041, 97664, 32450, 15432, 125016, 73999, 117071
140 ; METHOD:METHOD_CALL:REMOVED:global:push:1.0 ; 1 ; 1 ; 5 ; 7 ; 29427, 72965, 72939, 79611, 81067, 70010, 116925
141 ; RESERVED:CONDITION:INSERTED:global:falsey:2.0 , RESERVED:CONDITION:REMOVED:global:falsey:1.0 ; 2 ; 1 ; 13 ; 28 ; 95233, 125569, 129795, 80261, 117061, 63880, 76234, 121549, 126351, 131532, 123022, 118801, 59220, 129813, 128982, 54232, 124635, 7646, 97440, 129634, 127143, 87593, 47915, 80426, 138099, 135415, 134776, 131261
142 ; RESERVED:ARGUMENT:REMOVED:global:false:1.0 ; 1 ; 1 ; 5 ; 7 ; 37537, 55283, 136458, 117595, 59835, 55295, 125550
143 ; METHOD:METHOD_CALL:INSERTED:global:filter:1.0 ; 1 ; 3 ; 10 ; 16 ; 104805, 119845, 9957, 49479, 117606, 127078, 48456, 129544, 128367, 99184, 75538, 124953, 125912, 12027, 32765, 59262
144 ; RESERVED:CONDITION:INSERTED:global:sheq:1.0 , RESERVED:CONDITION:INSERTED:global:error:1.0 ; 2 ; 1 ; 6 ; 6 ; 6901, 97750, 56824, 132874, 84744, 117695
145 ; RESERVED:CONDITION:INSERTED:global:falsey:2.0 , RESERVED:CONDITION:REMOVED:global:falsey:1.0 ; 2 ; 4 ; 4 ; 5 ; 117827, 131396, 99318, 50171, 120334
146 ; RESERVED:STATEMENT:INSERTED:global:try:1.0 , RESERVED:EXCEPTION_CATCH:INSERTED:global:error:1.0 ; 2 ; 2 ; 23 ; 52 ; 72448, 76291, 86787, 87939, 52489, 6032, 16402, 36887, 79256, 27678, 135971, 31140, 16039, 16040, 128940, 27694, 16437, 34104, 35257, 74680, 74682, 87354, 67262, 46402, 67011, 124230, 117963, 126666, 15949, 130892, 38744, 30682, 64731, 131295, 53343, 55523, 75879, 100839, 41324, 29549, 17263, 88689, 21745, 133744, 26868, 88180, 16247, 52857, 26875, 126717, 21246, 21759
147 ; RESERVED:PARAMETER_DECLARATION:INSERTED:global:callback:1.0 ; 1 ; 5 ; 5 ; 5 ; 10513, 31217, 12165, 118036, 100233
148 ; RESERVED:ASSIGNMENT_RHS:INSERTED:global:null:1.0 , RESERVED:STATEMENT:UPDATED:global:var:1.0 ; 2 ; 1 ; 6 ; 8 ; 84145, 118609, 121559, 80873, 87932, 121567, 47343, 72302
149 ; RESERVED:CONDITION:REMOVED:global:falsey:3.0 ; 1 ; 2 ; 8 ; 10 ; 124323, 49635, 137441, 92901, 118645, 109380, 94567, 51576, 138186, 9225
150 ; RESERVED:CONDITION:INSERTED:global:null:1.0 , RESERVED:CONDITION:INSERTED:global:typeof:1.0 ; 2 ; 1 ; 15 ; 21 ; 108355, 11971, 23139, 87874, 132614, 133191, 4838, 75495, 7687, 100905, 63785, 24042, 38125, 51789, 123308, 123503, 101681, 95731, 118933, 26327, 1533
151 ; RESERVED:STATEMENT:INSERTED:global:var:1.0 , RESERVED:CONDITION:INSERTED:global:falsey:1.0 , RESERVED:ASSIGNMENT_RHS:INSERTED:global:true:1.0 , RESERVED:ASSIGNMENT_RHS:INSERTED:global:false:1.0 ; 4 ; 3 ; 8 ; 8 ; 53121, 64418, 118979, 10467, 43093, 16646, 66765, 28895
152 ; RESERVED:STATEMENT:UPDATED:global:var:1.0 ; 1 ; 2 ; 9 ; 25 ; 31040, 70471, 134789, 27465, 32010, 119115, 28113, 31506, 31958, 30808, 73370, 74522, 31836, 80991, 31713, 31013, 31656, 62187, 80492, 136943, 30898, 131189, 136373, 139577, 31676
153 ; RESERVED:CONDITION:INSERTED:global:sheq:1.0 , RESERVED:STATEMENT:INSERTED:global:return:1.0 , RESERVED:CONDITION:INSERTED:global:typeof:1.0 ; 3 ; 2 ; 10 ; 12 ; 123587, 5396, 35460, 67877, 119188, 48790, 19017, 93224, 35466, 47773, 124716, 27135
154 ; METHOD:METHOD_CALL:INSERTED:global:indexOf:1.0 ; 1 ; 1 ; 7 ; 11 ; 62994, 12420, 130612, 132135, 15815, 96441, 15721, 128904, 15674, 129996, 125487
155 ; RESERVED:CONDITION:INSERTED:global:sheq:1.0 , RESERVED:STATEMENT:INSERTED:global:var:1.0 ; 2 ; 3 ; 9 ; 12 ; 61186, 59155, 129428, 27239, 1080, 27257, 61641, 5050, 75530, 67772, 126188, 119486
156 ; RESERVED:ASSIGNMENT_RHS:INSERTED:global:true:1.0 , RESERVED:STATEMENT:UPDATED:global:return:1.0 ; 2 ; 1 ; 3 ; 5 ; 119664, 123712, 122322, 132534, 123288
157 ; RESERVED:ASSIGNMENT_RHS:REMOVED:global:false:1.0 , RESERVED:ASSIGNMENT_RHS:INSERTED:global:true:1.0 , RESERVED:STATEMENT:UPDATED:global:var:1.0 ; 3 ; 1 ; 5 ; 9 ; 55426, 74404, 91062, 92057, 89880, 91898, 119709, 25933, 92015
158 ; RESERVED:ARGUMENT:INSERTED:global:callback:1.0 ; 1 ; 1 ; 6 ; 10 ; 82625, 124529, 119792, 102370, 127778, 124934, 70761, 84520, 121068, 74766
159 ; METHOD:METHOD_CALL:INSERTED:global:sort:1.0 ; 1 ; 3 ; 4 ; 5 ; 65623, 120006, 65625, 72360, 64014
160 ; RESERVED:ARGUMENT:INSERTED:global:typeof:1.0 ; 1 ; 1 ; 5 ; 6 ; 136423, 60071, 45448, 120104, 18810, 54494
161 ; RESERVED:ASSIGNMENT_RHS:REMOVED:global:true:1.0 , RESERVED:CONDITION:REMOVED:global:falsey:1.0 ; 2 ; 2 ; 5 ; 6 ; 30146, 58725, 120183, 4024, 101913, 123823
162 ; RESERVED:CONDITION:REMOVED:global:falsey:1.0 , RESERVED:STATEMENT:REMOVED:global:var:1.0 ; 2 ; 3 ; 11 ; 13 ; 102147, 130915, 62339, 131812, 52968, 128042, 28012, 69325, 53521, 44026, 120348, 65438, 120222
163 ; RESERVED:METHOD_CALL:INSERTED:global:this:1.0 , RESERVED:CONDITION:INSERTED:global:falsey:1.0 ; 2 ; 2 ; 11 ; 11 ; 63584, 83605, 13383, 31815, 42520, 122729, 52715, 24620, 120573, 51950, 110255
164 ; RESERVED:CONDITION:INSERTED:global:sheq:1.0 , RESERVED:CONDITION:INSERTED:global:typeof:1.0 , RESERVED:STATEMENT:UPDATED:global:var:1.0 ; 3 ; 1 ; 6 ; 8 ; 64784, 120817, 30497, 121888, 126384, 121890, 96137, 70584
165 ; RESERVED:CONDITION:REMOVED:global:typeof:1.0 , RESERVED:CONDITION:INSERTED:global:typeof:1.0 ; 2 ; 1 ; 6 ; 10 ; 33443, 53443, 37110, 55415, 30794, 103802, 120877, 96700, 127452, 97807
166 ; RESERVED:PARAMETER_DECLARATION:REMOVED:global:callback:1.0 ; 1 ; 1 ; 6 ; 7 ; 70337, 19909, 124116, 72135, 33351, 26506, 121066
167 ; RESERVED:EXPRESSION:INSERTED:global:this:1.0 ; 1 ; 1 ; 8 ; 8 ; 121250, 88388, 21702, 78279, 12439, 29447, 30346, 34682
168 ; RESERVED:CONDITION:INSERTED:global:falsey:1.0 , RESERVED:ASSIGNMENT_RHS:INSERTED:global:false:1.0 ; 2 ; 2 ; 7 ; 13 ; 49857, 126336, 66179, 66466, 66530, 36325, 76836, 66285, 66609, 15862, 47190, 70043, 67708
169 ; RESERVED:CONDITION:INSERTED:global:falsey:1.0 , RESERVED:ASSIGNMENT_RHS:INSERTED:global:null:1.0 ; 2 ; 2 ; 6 ; 8 ; 31137, 121680, 13027, 129218, 13028, 52677, 121636, 60958
170 ; RESERVED:CONDITION:INSERTED:global:falsey:4.0 ; 1 ; 2 ; 11 ; 15 ; 73249, 87266, 67013, 131207, 94758, 6888, 89002, 121930, 132719, 125743, 54963, 13113, 126139, 14014, 128574
171 ; RESERVED:METHOD_CALL:INSERTED:global:catch:1.0 ; 1 ; 3 ; 3 ; 7 ; 13488, 25328, 15921, 15989, 19946, 15916, 122367
172 ; RESERVED:STATEMENT:INSERTED:global:try:1.0 , RESERVED:STATEMENT:INSERTED:global:return:1.0 , RESERVED:EXCEPTION_CATCH:INSERTED:global:error:1.0 ; 3 ; 3 ; 5 ; 5 ; 49543, 35817, 45801, 122364, 132335
173 ; RESERVED:STATEMENT:INSERTED:global:var:1.0 , RESERVED:CONDITION:INSERTED:global:falsey:2.0 , RESERVED:STATEMENT:UPDATED:global:var:1.0 ; 3 ; 2 ; 5 ; 6 ; 102112, 98535, 59511, 122438, 51560, 78685
174 ; RESERVED:STATEMENT:INSERTED:global:return:1.0 , RESERVED:CONDITION:INSERTED:global:falsey:1.0 , RESERVED:CONDITION:REMOVED:global:falsey:1.0 ; 3 ; 3 ; 7 ; 7 ; 8242, 108323, 122883, 84825, 74056, 137241, 67293
175 ; RESERVED:CONDITION:INSERTED:global:sheq:1.0 , RESERVED:CONDITION:INSERTED:global:falsey:1.0 , RESERVED:STATEMENT:UPDATED:global:var:1.0 ; 3 ; 2 ; 4 ; 5 ; 60208, 104353, 122912, 97385, 111419
176 ; RESERVED:METHOD_CALL:INSERTED:global:callback:1.0 , RESERVED:STATEMENT:INSERTED:global:return:1.0 , RESERVED:ARGUMENT:INSERTED:global:null:1.0 , RESERVED:CONDITION:INSERTED:global:falsey:1.0 ; 4 ; 2 ; 4 ; 6 ; 12099, 122946, 125637, 20715, 63869, 125548
177 ; RESERVED:CONDITION:INSERTED:global:sheq:1.0 , RESERVED:CONDITION:INSERTED:global:falsey:1.0 , RESERVED:CONDITION:REMOVED:global:falsey:1.0 ; 3 ; 1 ; 2 ; 5 ; 123682, 123762, 18859, 125114, 123005
178 ; METHOD:METHOD_CALL:REMOVED:global:stringify:1.0 , CLASS:METHOD_CALL:REMOVED:global:JSON:1.0 ; 2 ; 1 ; 6 ; 9 ; 31345, 16034, 89890, 24677, 18550, 18662, 70425, 83674, 81134
179 ; RESERVED:ASSIGNMENT_RHS:INSERTED:global:true:1.0 , RESERVED:ASSIGNMENT_RHS:INSERTED:global:false:1.0 ; 2 ; 1 ; 7 ; 8 ; 123472, 51762, 9753, 87821, 39805, 83404, 42319, 46495
180 ; RESERVED:ARGUMENT:INSERTED:global:this:1.0 , METHOD:METHOD_CALL:INSERTED:global:bind:1.0 ; 2 ; 1 ; 6 ; 9 ; 22929, 22852, 62309, 23078, 12679, 42167, 23033, 123500, 47342
181 ; RESERVED:CONDITION:INSERTED:global:falsey:1.0 , RESERVED:ASSIGNMENT_RHS:INSERTED:global:true:1.0 , RESERVED:ASSIGNMENT_RHS:INSERTED:global:false:1.0 , RESERVED:STATEMENT:UPDATED:global:var:1.0 ; 4 ; 3 ; 3 ; 5 ; 124131, 75570, 71341, 80349, 80014
182 ; RESERVED:CONDITION:INSERTED:global:falsey:1.0 , RESERVED:CONDITION:UPDATED:global:falsey:1.0 ; 2 ; 1 ; 4 ; 5 ; 131106, 51123, 124226, 78196, 101592
183 ; RESERVED:ASSIGNMENT_RHS:REMOVED:global:undefined:1.0 ; 1 ; 1 ; 4 ; 5 ; 4566, 35399, 124744, 35404, 39405
184 ; METHOD:METHOD_CALL:INSERTED:global:slice:1.0 ; 1 ; 1 ; 6 ; 8 ; 26480, 26865, 124818, 67990, 58300, 59709, 12414, 47662
185 ; RESERVED:CONDITION:REMOVED:global:falsey:1.0 , RESERVED:STATEMENT:UPDATED:global:return:1.0 ; 2 ; 1 ; 9 ; 13 ; 66721, 124899, 139488, 47363, 83490, 130921, 133546, 74991, 80113, 66967, 69053, 80348, 134431
186 ; RESERVED:CONDITION:INSERTED:global:falsey:1.0 , RESERVED:METHOD_CALL:INSERTED:global:error:1.0 ; 2 ; 2 ; 4 ; 6 ; 72657, 61476, 124949, 126119, 60601, 52059
187 ; RESERVED:CONDITION:INSERTED:global:sheq:1.0 , RESERVED:STATEMENT:UPDATED:global:return:1.0 ; 2 ; 1 ; 7 ; 9 ; 125153, 68770, 83572, 130791, 59815, 98233, 130153, 22620, 125853
188 ; METHOD:METHOD_CALL:INSERTED:global:stringify:1.0 , CLASS:METHOD_CALL:INSERTED:global:JSON:1.0 ; 2 ; 1 ; 5 ; 6 ; 69735, 88567, 63385, 125179, 17695, 128270
189 ; RESERVED:CONDITION:INSERTED:global:sheq:1.0 , RESERVED:CONDITION:REMOVED:global:sheq:1.0 ; 2 ; 1 ; 9 ; 12 ; 16272, 87664, 129296, 35235, 18439, 94182, 38104, 88568, 97803, 21115, 36123, 21644
190 ; RESERVED:CONDITION:INSERTED:global:typeof:1.0 ; 1 ; 1 ; 11 ; 14 ; 56355, 11972, 51045, 126340, 127177, 24777, 131595, 18475, 79310, 47476, 125530, 6366, 19039, 61375
191 ; RESERVED:METHOD_CALL:INSERTED:global:error:2.0 ; 1 ; 2 ; 5 ; 8 ; 101939, 34515, 80898, 125559, 73352, 91130, 73436, 128044
192 ; RESERVED:CONDITION:INSERTED:global:sheq:1.0 , METHOD:METHOD_CALL:INSERTED:global:charAt:1.0 ; 2 ; 1 ; 3 ; 6 ; 125571, 22856, 126601, 78316, 128191, 128303
193 ; METHOD:METHOD_CALL:INSERTED:global:map:1.0 ; 1 ; 3 ; 6 ; 6 ; 4036, 82424, 125816, 48139, 72045, 101966
194 ; METHOD:METHOD_CALL:INSERTED:global:push:1.0 , RESERVED:CONDITION:INSERTED:global:falsey:1.0 ; 2 ; 2 ; 5 ; 7 ; 5360, 25121, 26979, 29718, 79432, 125899, 126716
195 ; METHOD:METHOD_CALL:INSERTED:global:split:1.0 ; 1 ; 1 ; 7 ; 8 ; 61089, 88352, 97875, 24884, 16341, 12766, 58975, 134493
196 ; RESERVED:CONDITION:REMOVED:global:falsey:2.0 , RESERVED:STATEMENT:UPDATED:global:var:1.0 ; 2 ; 1 ; 5 ; 6 ; 43232, 87153, 73748, 126148, 127052, 128783
197 ; RESERVED:ARGUMENT:INSERTED:global:null:1.0 , RESERVED:CONDITION:INSERTED:global:falsey:1.0 ; 2 ; 1 ; 5 ; 5 ; 24787, 126421, 97498, 80860, 139549
198 ; RESERVED:STATEMENT:INSERTED:global:var:1.0 , METHOD:METHOD_CALL:INSERTED:global:replace:1.0 ; 2 ; 2 ; 6 ; 6 ; 52103, 127369, 25068, 51724, 79967, 139437
199 ; RESERVED:CONDITION:INSERTED:global:falsey:2.0 , RESERVED:STATEMENT:UPDATED:global:var:2.0 ; 2 ; 2 ; 5 ; 10 ; 88913, 128913, 127507, 129011, 137687, 25271, 128664, 138345, 133548, 88942
200 ; RESERVED:CONDITION:INSERTED:global:falsey:2.0 , RESERVED:STATEMENT:UPDATED:global:return:1.0 ; 2 ; 1 ; 9 ; 15 ; 21857, 127591, 139172, 21288, 21261, 60653, 95856, 136240, 77716, 135927, 31798, 102647, 97309, 63646, 80062
201 ; RESERVED:CONDITION:INSERTED:global:falsey:3.0 , RESERVED:STATEMENT:UPDATED:global:var:1.0 ; 2 ; 1 ; 3 ; 8 ; 128017, 95138, 137729, 134262, 127780, 98010, 97327, 127662
202 ; RESERVED:METHOD_CALL:INSERTED:global:callback:1.0 ; 1 ; 1 ; 4 ; 5 ; 29698, 112774, 17848, 127848, 128334
203 ; RESERVED:ASSIGNMENT_RHS:INSERTED:global:undefined:1.0 ; 1 ; 1 ; 5 ; 6 ; 56400, 133968, 129125, 36156, 101598, 134333
204 ; RESERVED:CONDITION:UPDATED:global:sheq:1.0 , METHOD:METHOD_CALL:INSERTED:global:toLowerCase:1.0 ; 2 ; 1 ; 4 ; 5 ; 17024, 130833, 35830, 79469, 17039
205 ; RESERVED:CONDITION:REMOVED:global:typeof:1.0 , RESERVED:CONDITION:REMOVED:global:undefined:1.0 , RESERVED:CONDITION:INSERTED:global:undefined:1.0 , RESERVED:CONDITION:INSERTED:global:typeof:1.0 ; 4 ; 1 ; 3 ; 5 ; 129209, 23625, 32058, 129755, 129212
206 ; RESERVED:STATEMENT:INSERTED:global:return:2.0 , RESERVED:CONDITION:INSERTED:global:falsey:2.0 ; 2 ; 4 ; 6 ; 6 ; 59392, 139024, 76290, 35018, 66042, 17038
207 ; METHOD:METHOD_CALL:INSERTED:global:parseInt:1.0 ; 1 ; 1 ; 5 ; 6 ; 7460, 98245, 80934, 17084, 74045, 17086
208 ; RESERVED:ARGUMENT:INSERTED:global:true:2.0 ; 1 ; 2 ; 4 ; 6 ; 95795, 129700, 131253, 36651, 95821, 47630
209 ; RESERVED:CONDITION:INSERTED:global:sheq:1.0 , RESERVED:CONDITION:INSERTED:global:true:1.0 ; 2 ; 1 ; 9 ; 10 ; 69280, 79875, 10324, 10325, 21096, 68681, 94344, 129720, 98987, 139420
210 ; RESERVED:CONDITION:INSERTED:global:falsey:1.0 , RESERVED:STATEMENT:UPDATED:global:new:1.0 ; 2 ; 1 ; 7 ; 7 ; 18384, 27429, 67174, 125302, 130154, 85645, 131582
211 ; METHOD:METHOD_CALL:REMOVED:global:bind:1.0 ; 1 ; 3 ; 7 ; 10 ; 136914, 12562, 61859, 130487, 23191, 59015, 34811, 68621, 68620, 63038
212 ; RESERVED:ARGUMENT:INSERTED:global:undefined:1.0 ; 1 ; 1 ; 6 ; 6 ; 30848, 23954, 130649, 42666, 60861, 136351
213 ; RESERVED:ASSIGNMENT_RHS:INSERTED:global:null:2.0 ; 1 ; 2 ; 4 ; 6 ; 73777, 131234, 73762, 130665, 12555, 75277
214 ; RESERVED:ARGUMENT:INSERTED:global:false:1.0 ; 1 ; 1 ; 6 ; 8 ; 7939, 85732, 132330, 137626, 130925, 28127, 39903, 85966
215 ; FIELD:ASSIGNMENT_LHS:INSERTED:global:global:1.0 ; 1 ; 1 ; 7 ; 9 ; 131138, 13026, 1475, 49651, 60019, 12740, 89349, 12869, 22313
216 ; RESERVED:CONDITION:INSERTED:global:eq:2.0 ; 1 ; 2 ; 7 ; 11 ; 23712, 131554, 81748, 131844, 131594, 132232, 42539, 81018, 46092, 132364, 134925
217 ; RESERVED:CONDITION:INSERTED:global:eq:1.0 , RESERVED:CONDITION:INSERTED:global:falsey:1.0 ; 2 ; 1 ; 5 ; 6 ; 97937, 109345, 79008, 8546, 132368, 131053
218 ; RESERVED:STATEMENT:INSERTED:global:var:1.0 , RESERVED:ASSIGNMENT_RHS:INSERTED:global:this:1.0 ; 2 ; 5 ; 7 ; 9 ; 79635, 24132, 27220, 132453, 36634, 22939, 42300, 41613, 41615
219 ; RESERVED:CONDITION:INSERTED:global:sheq:1.0 , RESERVED:CONDITION:INSERTED:global:this:1.0 ; 2 ; 1 ; 6 ; 6 ; 59399, 68232, 132457, 13708, 40717, 83215
220 ; METHOD:METHOD_CALL:INSERTED:global:trim:1.0 , RESERVED:STATEMENT:UPDATED:global:var:1.0 ; 2 ; 1 ; 5 ; 5 ; 7889, 5602, 21010, 133030, 81483
221 ; METHOD:METHOD_CALL:INSERTED:global:toString:1.0 ; 1 ; 1 ; 8 ; 10 ; 34800, 55330, 50359, 59415, 28552, 32281, 55865, 9994, 133240, 63531
222 ; METHOD:METHOD_CALL:REMOVED:global:replace:1.0 , RESERVED:STATEMENT:UPDATED:global:return:1.0 ; 2 ; 1 ; 8 ; 9 ; 13969, 83670, 7609, 21658, 1531, 79994, 82170, 133465, 100909
223 ; RESERVED:STATEMENT:REMOVED:global:return:1.0 , RESERVED:CONDITION:REMOVED:global:sheq:1.0 ; 2 ; 2 ; 7 ; 7 ; 21395, 135045, 96793, 39403, 56652, 71468, 44463
224 ; RESERVED:CONDITION:INSERTED:global:sheq:1.0 , RESERVED:CONDITION:REMOVED:global:eq:1.0 , RESERVED:STATEMENT:UPDATED:global:return:1.0 ; 3 ; 1 ; 4 ; 5 ; 25488, 75216, 25603, 95384, 135192
225 ; RESERVED:CONDITION:INSERTED:global:false:1.0 , RESERVED:CONDITION:INSERTED:global:sheq:1.0 ; 2 ; 1 ; 10 ; 14 ; 66850, 96325, 97476, 71302, 87208, 19021, 10672, 69843, 62676, 47863, 97625, 65082, 66875, 55292
226 ; METHOD:METHOD_CALL:INSERTED:global:replace:2.0 , RESERVED:STATEMENT:UPDATED:global:var:1.0 ; 2 ; 1 ; 4 ; 5 ; 20082, 23732, 56407, 71771, 138925
227 ; RESERVED:CONDITION:INSERTED:global:eq:1.0 , RESERVED:CONDITION:REMOVED:global:eq:1.0 ; 2 ; 1 ; 7 ; 7 ; 73825, 139186, 88211, 131431, 21767, 78041, 101613
228 ; RESERVED:CONDITION:INSERTED:global:sheq:1.0 , RESERVED:CONDITION:REMOVED:global:falsey:1.0 , RESERVED:CONDITION:INSERTED:global:typeof:1.0 ; 3 ; 1 ; 7 ; 7 ; 62965, 32182, 74167, 20810, 37322, 28973, 21215
229 ; RESERVED:CONDITION:INSERTED:global:sheq:1.0 , RESERVED:STATEMENT:INSERTED:global:var:1.0 , RESERVED:STATEMENT:UPDATED:global:var:1.0 ; 3 ; 3 ; 5 ; 6 ; 58051, 21013, 24837, 48231, 57144, 63214
230 ; RESERVED:CONDITION:INSERTED:global:sheq:2.0 , RESERVED:CONDITION:INSERTED:global:falsey:2.0 , RESERVED:CONDITION:INSERTED:global:typeof:2.0 ; 3 ; 3 ; 5 ; 5 ; 81073, 21043, 139591, 101799, 82590
231 ; METHOD:METHOD_CALL:INSERTED:global:concat:1.0 ; 1 ; 1 ; 5 ; 5 ; 2689, 66518, 68502, 70518, 4648
232 ; RESERVED:ASSIGNMENT_RHS:REMOVED:global:true:2.0 ; 1 ; 1 ; 6 ; 7 ; 81185, 7252, 45928, 7657, 8409, 22075, 38411
233 ; RESERVED:METHOD_CALL:INSERTED:global:this:1.0 , RESERVED:STATEMENT:INSERTED:global:new:1.0 ; 2 ; 4 ; 2 ; 5 ; 7671, 7672, 4779, 4766, 7566
234 ; RESERVED:CONDITION:INSERTED:global:falsey:1.0 , RESERVED:CONDITION:INSERTED:global:error:1.0 ; 2 ; 1 ; 12 ; 13 ; 39840, 52576, 64420, 22661, 31111, 73768, 38571, 98608, 53523, 78453, 60570, 35004, 61500
235 ; METHOD:METHOD_CALL:INSERTED:global:replace:2.0 ; 1 ; 2 ; 7 ; 10 ; 118560, 28243, 78500, 84916, 25527, 60327, 61911, 24060, 84924, 79663
236 ; METHOD:METHOD_CALL:INSERTED:global:toLowerCase:1.0 ; 1 ; 1 ; 6 ; 8 ; 57122, 24676, 13125, 5815, 61161, 73532, 95150, 99166
237 ; RESERVED:ARGUMENT:REMOVED:global:arguments:1.0 ; 1 ; 1 ; 5 ; 5 ; 82757, 50775, 25305, 36138, 47995
238 ; RESERVED:CONDITION:INSERTED:global:falsey:1.0 , RESERVED:CONDITION:INSERTED:global:undefined:1.0 , RESERVED:CONDITION:INSERTED:global:typeof:1.0 ; 3 ; 1 ; 6 ; 6 ; 59747, 25508, 36982, 64598, 11019, 31245
239 ; RESERVED:METHOD_CALL:INSERTED:global:this:1.0 , RESERVED:STATEMENT:UPDATED:global:var:1.0 ; 2 ; 4 ; 3 ; 4 ; 51809, 19333, 25703, 83641
240 ; RESERVED:CONDITION:INSERTED:global:false:1.0 , RESERVED:ASSIGNMENT_LHS:INSERTED:global:this:1.0 , RESERVED:CONDITION:INSERTED:global:falsey:1.0 ; 3 ; 1 ; 4 ; 5 ; 26741, 30983, 41271, 89241, 41193
241 ; METHOD:METHOD_CALL:INSERTED:global:toLowerCase:2.0 ; 1 ; 2 ; 6 ; 6 ; 101778, 32698, 70139, 13965, 58189, 28734
242 ; METHOD:METHOD_CALL:INSERTED:global:trim:1.0 ; 1 ; 1 ; 8 ; 11 ; 7840, 53376, 50401, 29106, 10900, 79156, 13286, 60486, 7543, 50382, 129950
243 ; RESERVED:STATEMENT:INSERTED:global:return:1.0 ; 1 ; 2 ; 5 ; 5 ; 79169, 64337, 53718, 5594, 64986
244 ; RESERVED:METHOD_CALL:INSERTED:global:this:1.0 , RESERVED:STATEMENT:UPDATED:global:var:1.0 ; 2 ; 1 ; 3 ; 8 ; 35987, 68788, 12856, 35113, 40073, 35739, 35470, 33247
245 ; METHOD:METHOD_CALL:REMOVED:global:forEach:1.0 , METHOD:METHOD_CALL:INSERTED:global:forEach:1.0 ; 2 ; 2 ; 2 ; 13 ; 52706, 52548, 52805, 36460, 52653, 36462, 52688, 36534, 52600, 52730, 52606, 52607, 52671
246 ; RESERVED:ASSIGNMENT_RHS:REMOVED:global:true:1.0 , RESERVED:ASSIGNMENT_RHS:INSERTED:global:false:1.0 , RESERVED:STATEMENT:UPDATED:global:var:1.0 ; 3 ; 1 ; 4 ; 5 ; 81409, 68712, 92056, 6891, 92014
247 ; RESERVED:STATEMENT:REMOVED:global:return:1.0 , RESERVED:STATEMENT:INSERTED:global:return:1.0 , RESERVED:STATEMENT:INSERTED:global:var:1.0 , RESERVED:CONDITION:INSERTED:global:falsey:1.0 ; 4 ; 5 ; 5 ; 5 ; 70999, 38504, 49162, 37133, 66078
248 ; RESERVED:ASSIGNMENT_LHS:INSERTED:global:this:1.0 , RESERVED:ASSIGNMENT_RHS:INSERTED:global:null:1.0 ; 2 ; 2 ; 4 ; 7 ; 39570, 116914, 93621, 97641, 39755, 108156, 108143
249 ; RESERVED:ARGUMENT:INSERTED:global:error:1.0 , RESERVED:STATEMENT:INSERTED:global:try:1.0 , RESERVED:EXCEPTION_CATCH:INSERTED:global:error:1.0 ; 3 ; 3 ; 6 ; 6 ; 99897, 68363, 82763, 39675, 80892, 87598
250 ; RESERVED:CONDITION:INSERTED:global:sheq:2.0 , RESERVED:CONDITION:INSERTED:global:typeof:2.0 ; 2 ; 4 ; 4 ; 5 ; 61443, 60181, 78612, 40838, 77679
251 ; RESERVED:STATEMENT:INSERTED:global:var:1.0 , FIELD:ASSIGNMENT_LHS:INSERTED:global:prototype:1.0 ; 2 ; 5 ; 5 ; 6 ; 41457, 129367, 40903, 94411, 51612, 22301
252 ; RESERVED:STATEMENT:INSERTED:global:return:1.0 , RESERVED:CONDITION:INSERTED:global:falsey:1.0 , RESERVED:STATEMENT:UPDATED:global:return:1.0 ; 3 ; 4 ; 5 ; 6 ; 20992, 59300, 57958, 48506, 42779, 101213
253 ; RESERVED:ASSIGNMENT_LHS:INSERTED:global:callback:1.0 ; 1 ; 4 ; 3 ; 5 ; 113346, 7668, 6917, 53981, 7007
254 ; RESERVED:ASSIGNMENT_LHS:INSERTED:global:this:1.0 , RESERVED:ARGUMENT:INSERTED:global:this:1.0 ; 2 ; 4 ; 5 ; 6 ; 49057, 113079, 111083, 15405, 16509, 26861
255 ; RESERVED:STATEMENT:INSERTED:global:return:1.0 , RESERVED:CONDITION:INSERTED:global:typeof:1.0 ; 2 ; 4 ; 5 ; 5 ; 67553, 82677, 16807, 45079, 53353
256 ; RESERVED:CONDITION:INSERTED:global:eq:1.0 , RESERVED:STATEMENT:INSERTED:global:var:1.0 ; 2 ; 3 ; 4 ; 5 ; 69441, 45649, 86914, 59221, 71835
257 ; RESERVED:ARGUMENT:INSERTED:global:true:1.0 , RESERVED:CONDITION:INSERTED:global:falsey:1.0 ; 2 ; 2 ; 3 ; 5 ; 5538, 67651, 129221, 131963, 117950
258 ; RESERVED:CONDITION:INSERTED:global:false:1.0 , RESERVED:CONDITION:INSERTED:global:falsey:1.0 , RESERVED:STATEMENT:UPDATED:global:var:1.0 ; 3 ; 1 ; 2 ; 5 ; 43520, 43570, 43749, 43767, 76701
259 ; RESERVED:CONDITION:INSERTED:global:falsey:1.0 , RESERVED:CONDITION:UPDATED:global:falsey:1.0 ; 2 ; 4 ; 5 ; 5 ; 63013, 104201, 78408, 61259, 58669
260 ; RESERVED:STATEMENT:INSERTED:global:try:1.0 , RESERVED:EXCEPTION_CATCH:INSERTED:global:error:1.0 , RESERVED:STATEMENT:UPDATED:global:var:1.0 ; 3 ; 5 ; 5 ; 5 ; 102743, 82877, 6285, 137215, 87087
261 ; RESERVED:CONDITION:INSERTED:global:eq:1.0 , RESERVED:STATEMENT:UPDATED:global:return:1.0 ; 2 ; 1 ; 4 ; 5 ; 66577, 66560, 87682, 131349, 82905
262 ; RESERVED:ASSIGNMENT_RHS:REMOVED:global:null:2.0 ; 1 ; 1 ; 4 ; 5 ; 46531, 13509, 121305, 128632, 92893
263 ; RESERVED:STATEMENT:INSERTED:global:var:1.0 , RESERVED:CONDITION:INSERTED:global:falsey:2.0 , RESERVED:STATEMENT:REMOVED:global:var:1.0 ; 3 ; 4 ; 5 ; 5 ; 55569, 130370, 32169, 137224, 97212